smiles1,smiles2,smiles3,percentage_1,percentage_2,percentage_3
Cc1sc(C)c2OCC(COCC(CC)CCCC)(COCC(CC)CCCC)COc12,C1=CC(=CC=C1C)C,0,95,5,0
Cc1sc(C)c2OCC(COCC(CC)CCCC)(COCC(CC)CCCC)COc12,C1=CC(=CC=C1C)C,Cc1ccc(C)c2nsnc12,95,0,5
Cc1sc(C)c2OCC(COCC(CC)CCCC)(COCC(CC)CCCC)COc12,C1=CC(=CC=C1C)C,0,95,5,0
Cc1sc(C)c2OCC(COCC(CC)CCCC)(COCC(CC)CCCC)COc12,C1=CC(=CC=C1C)C,Cc1sc(C)c(OC)c1OC,95,0,5
Cc1sc(C)c2OCC(COCC(CC)CCCC)(COCC(CC)CCCC)COc12,C1=CC(=CC=C1C)C,0,95,5,0
Cc1sc(C)c2OCC(COCC(CC)CCCC)(COCC(CC)CCCC)COc12,C1=CC(=CC=C1C)C,Cc1sc(C)c2OCCOc12,95,0,5
Cc1sc(C)c2OCC(COCC(CC)CCCC)(COCC(CC)CCCC)COc12,C1=CC(=CC=C1C)C,0,95,5,0
Cc1sc(C)c2OCC(COCC(CC)CCCC)(COCC(CC)CCCC)COc12,C1=CC(=CC=C1C)C,Cc1ccc3c(c1)Cc2cc(C)ccc23,95,0,5
Cc1sc(C)c2OCC(COCC(CC)CCCC)(COCC(CC)CCCC)COc12,Cc1ccc(C)c2nsnc12,0,95,5,0
Cc1sc(C)c2OCC(COCC(CC)CCCC)(COCC(CC)CCCC)COc12,Cc1ccc(C)c2nsnc12,Cc1sc(C)c(OC)c1OC,95,0,5
Cc1sc(C)c2OCC(COCC(CC)CCCC)(COCC(CC)CCCC)COc12,Cc1ccc(C)c2nsnc12,0,95,5,0
Cc1sc(C)c2OCC(COCC(CC)CCCC)(COCC(CC)CCCC)COc12,Cc1ccc(C)c2nsnc12,Cc1sc(C)c2OCCOc12,95,0,5
Cc1sc(C)c2OCC(COCC(CC)CCCC)(COCC(CC)CCCC)COc12,Cc1ccc(C)c2nsnc12,0,95,5,0
Cc1sc(C)c2OCC(COCC(CC)CCCC)(COCC(CC)CCCC)COc12,Cc1ccc(C)c2nsnc12,Cc1ccc3c(c1)Cc2cc(C)ccc23,95,0,5
Cc1sc(C)c2OCC(COCC(CC)CCCC)(COCC(CC)CCCC)COc12,Cc1sc(C)c(OC)c1OC,0,95,5,0
Cc1sc(C)c2OCC(COCC(CC)CCCC)(COCC(CC)CCCC)COc12,Cc1sc(C)c(OC)c1OC,Cc1sc(C)c2OCCOc12,95,0,5
Cc1sc(C)c2OCC(COCC(CC)CCCC)(COCC(CC)CCCC)COc12,Cc1sc(C)c(OC)c1OC,0,95,5,0
Cc1sc(C)c2OCC(COCC(CC)CCCC)(COCC(CC)CCCC)COc12,Cc1sc(C)c(OC)c1OC,Cc1ccc3c(c1)Cc2cc(C)ccc23,95,0,5
Cc1sc(C)c2OCC(COCC(CC)CCCC)(COCC(CC)CCCC)COc12,Cc1sc(C)c2OCCOc12,0,95,5,0
Cc1sc(C)c2OCC(COCC(CC)CCCC)(COCC(CC)CCCC)COc12,Cc1sc(C)c2OCCOc12,Cc1ccc3c(c1)Cc2cc(C)ccc23,95,0,5
Cc1sc(C)c2OCC(COCC(CC)CCCC)(COCC(CC)CCCC)COc12,C1=CC(=CC=C1C)C,0,90,10,0
Cc1sc(C)c2OCC(COCC(CC)CCCC)(COCC(CC)CCCC)COc12,C1=CC(=CC=C1C)C,Cc1ccc(C)c2nsnc12,90,5,5
Cc1sc(C)c2OCC(COCC(CC)CCCC)(COCC(CC)CCCC)COc12,C1=CC(=CC=C1C)C,Cc1ccc(C)c2nsnc12,90,0,10
Cc1sc(C)c2OCC(COCC(CC)CCCC)(COCC(CC)CCCC)COc12,C1=CC(=CC=C1C)C,0,90,10,0
Cc1sc(C)c2OCC(COCC(CC)CCCC)(COCC(CC)CCCC)COc12,C1=CC(=CC=C1C)C,Cc1sc(C)c(OC)c1OC,90,5,5
Cc1sc(C)c2OCC(COCC(CC)CCCC)(COCC(CC)CCCC)COc12,C1=CC(=CC=C1C)C,Cc1sc(C)c(OC)c1OC,90,0,10
Cc1sc(C)c2OCC(COCC(CC)CCCC)(COCC(CC)CCCC)COc12,C1=CC(=CC=C1C)C,0,90,10,0
Cc1sc(C)c2OCC(COCC(CC)CCCC)(COCC(CC)CCCC)COc12,C1=CC(=CC=C1C)C,Cc1sc(C)c2OCCOc12,90,5,5
Cc1sc(C)c2OCC(COCC(CC)CCCC)(COCC(CC)CCCC)COc12,C1=CC(=CC=C1C)C,Cc1sc(C)c2OCCOc12,90,0,10
Cc1sc(C)c2OCC(COCC(CC)CCCC)(COCC(CC)CCCC)COc12,C1=CC(=CC=C1C)C,0,90,10,0
Cc1sc(C)c2OCC(COCC(CC)CCCC)(COCC(CC)CCCC)COc12,C1=CC(=CC=C1C)C,Cc1ccc3c(c1)Cc2cc(C)ccc23,90,5,5
Cc1sc(C)c2OCC(COCC(CC)CCCC)(COCC(CC)CCCC)COc12,C1=CC(=CC=C1C)C,Cc1ccc3c(c1)Cc2cc(C)ccc23,90,0,10
Cc1sc(C)c2OCC(COCC(CC)CCCC)(COCC(CC)CCCC)COc12,Cc1ccc(C)c2nsnc12,0,90,10,0
Cc1sc(C)c2OCC(COCC(CC)CCCC)(COCC(CC)CCCC)COc12,Cc1ccc(C)c2nsnc12,Cc1sc(C)c(OC)c1OC,90,5,5
Cc1sc(C)c2OCC(COCC(CC)CCCC)(COCC(CC)CCCC)COc12,Cc1ccc(C)c2nsnc12,Cc1sc(C)c(OC)c1OC,90,0,10
Cc1sc(C)c2OCC(COCC(CC)CCCC)(COCC(CC)CCCC)COc12,Cc1ccc(C)c2nsnc12,0,90,10,0
Cc1sc(C)c2OCC(COCC(CC)CCCC)(COCC(CC)CCCC)COc12,Cc1ccc(C)c2nsnc12,Cc1sc(C)c2OCCOc12,90,5,5
Cc1sc(C)c2OCC(COCC(CC)CCCC)(COCC(CC)CCCC)COc12,Cc1ccc(C)c2nsnc12,Cc1sc(C)c2OCCOc12,90,0,10
Cc1sc(C)c2OCC(COCC(CC)CCCC)(COCC(CC)CCCC)COc12,Cc1ccc(C)c2nsnc12,0,90,10,0
Cc1sc(C)c2OCC(COCC(CC)CCCC)(COCC(CC)CCCC)COc12,Cc1ccc(C)c2nsnc12,Cc1ccc3c(c1)Cc2cc(C)ccc23,90,5,5
Cc1sc(C)c2OCC(COCC(CC)CCCC)(COCC(CC)CCCC)COc12,Cc1ccc(C)c2nsnc12,Cc1ccc3c(c1)Cc2cc(C)ccc23,90,0,10
Cc1sc(C)c2OCC(COCC(CC)CCCC)(COCC(CC)CCCC)COc12,Cc1sc(C)c(OC)c1OC,0,90,10,0
Cc1sc(C)c2OCC(COCC(CC)CCCC)(COCC(CC)CCCC)COc12,Cc1sc(C)c(OC)c1OC,Cc1sc(C)c2OCCOc12,90,5,5
Cc1sc(C)c2OCC(COCC(CC)CCCC)(COCC(CC)CCCC)COc12,Cc1sc(C)c(OC)c1OC,Cc1sc(C)c2OCCOc12,90,0,10
Cc1sc(C)c2OCC(COCC(CC)CCCC)(COCC(CC)CCCC)COc12,Cc1sc(C)c(OC)c1OC,0,90,10,0
Cc1sc(C)c2OCC(COCC(CC)CCCC)(COCC(CC)CCCC)COc12,Cc1sc(C)c(OC)c1OC,Cc1ccc3c(c1)Cc2cc(C)ccc23,90,5,5
Cc1sc(C)c2OCC(COCC(CC)CCCC)(COCC(CC)CCCC)COc12,Cc1sc(C)c(OC)c1OC,Cc1ccc3c(c1)Cc2cc(C)ccc23,90,0,10
Cc1sc(C)c2OCC(COCC(CC)CCCC)(COCC(CC)CCCC)COc12,Cc1sc(C)c2OCCOc12,0,90,10,0
Cc1sc(C)c2OCC(COCC(CC)CCCC)(COCC(CC)CCCC)COc12,Cc1sc(C)c2OCCOc12,Cc1ccc3c(c1)Cc2cc(C)ccc23,90,5,5
Cc1sc(C)c2OCC(COCC(CC)CCCC)(COCC(CC)CCCC)COc12,Cc1sc(C)c2OCCOc12,Cc1ccc3c(c1)Cc2cc(C)ccc23,90,0,10
Cc1sc(C)c2OCC(COCC(CC)CCCC)(COCC(CC)CCCC)COc12,C1=CC(=CC=C1C)C,0,85,15,0
Cc1sc(C)c2OCC(COCC(CC)CCCC)(COCC(CC)CCCC)COc12,C1=CC(=CC=C1C)C,Cc1ccc(C)c2nsnc12,85,10,5
Cc1sc(C)c2OCC(COCC(CC)CCCC)(COCC(CC)CCCC)COc12,C1=CC(=CC=C1C)C,Cc1ccc(C)c2nsnc12,85,5,10
Cc1sc(C)c2OCC(COCC(CC)CCCC)(COCC(CC)CCCC)COc12,C1=CC(=CC=C1C)C,Cc1ccc(C)c2nsnc12,85,0,15
Cc1sc(C)c2OCC(COCC(CC)CCCC)(COCC(CC)CCCC)COc12,C1=CC(=CC=C1C)C,0,85,15,0
Cc1sc(C)c2OCC(COCC(CC)CCCC)(COCC(CC)CCCC)COc12,C1=CC(=CC=C1C)C,Cc1sc(C)c(OC)c1OC,85,10,5
Cc1sc(C)c2OCC(COCC(CC)CCCC)(COCC(CC)CCCC)COc12,C1=CC(=CC=C1C)C,Cc1sc(C)c(OC)c1OC,85,5,10
Cc1sc(C)c2OCC(COCC(CC)CCCC)(COCC(CC)CCCC)COc12,C1=CC(=CC=C1C)C,Cc1sc(C)c(OC)c1OC,85,0,15
Cc1sc(C)c2OCC(COCC(CC)CCCC)(COCC(CC)CCCC)COc12,C1=CC(=CC=C1C)C,0,85,15,0
Cc1sc(C)c2OCC(COCC(CC)CCCC)(COCC(CC)CCCC)COc12,C1=CC(=CC=C1C)C,Cc1sc(C)c2OCCOc12,85,10,5
Cc1sc(C)c2OCC(COCC(CC)CCCC)(COCC(CC)CCCC)COc12,C1=CC(=CC=C1C)C,Cc1sc(C)c2OCCOc12,85,5,10
Cc1sc(C)c2OCC(COCC(CC)CCCC)(COCC(CC)CCCC)COc12,C1=CC(=CC=C1C)C,Cc1sc(C)c2OCCOc12,85,0,15
Cc1sc(C)c2OCC(COCC(CC)CCCC)(COCC(CC)CCCC)COc12,C1=CC(=CC=C1C)C,0,85,15,0
Cc1sc(C)c2OCC(COCC(CC)CCCC)(COCC(CC)CCCC)COc12,C1=CC(=CC=C1C)C,Cc1ccc3c(c1)Cc2cc(C)ccc23,85,10,5
Cc1sc(C)c2OCC(COCC(CC)CCCC)(COCC(CC)CCCC)COc12,C1=CC(=CC=C1C)C,Cc1ccc3c(c1)Cc2cc(C)ccc23,85,5,10
Cc1sc(C)c2OCC(COCC(CC)CCCC)(COCC(CC)CCCC)COc12,C1=CC(=CC=C1C)C,Cc1ccc3c(c1)Cc2cc(C)ccc23,85,0,15
Cc1sc(C)c2OCC(COCC(CC)CCCC)(COCC(CC)CCCC)COc12,Cc1ccc(C)c2nsnc12,0,85,15,0
Cc1sc(C)c2OCC(COCC(CC)CCCC)(COCC(CC)CCCC)COc12,Cc1ccc(C)c2nsnc12,Cc1sc(C)c(OC)c1OC,85,10,5
Cc1sc(C)c2OCC(COCC(CC)CCCC)(COCC(CC)CCCC)COc12,Cc1ccc(C)c2nsnc12,Cc1sc(C)c(OC)c1OC,85,5,10
Cc1sc(C)c2OCC(COCC(CC)CCCC)(COCC(CC)CCCC)COc12,Cc1ccc(C)c2nsnc12,Cc1sc(C)c(OC)c1OC,85,0,15
Cc1sc(C)c2OCC(COCC(CC)CCCC)(COCC(CC)CCCC)COc12,Cc1ccc(C)c2nsnc12,0,85,15,0
Cc1sc(C)c2OCC(COCC(CC)CCCC)(COCC(CC)CCCC)COc12,Cc1ccc(C)c2nsnc12,Cc1sc(C)c2OCCOc12,85,10,5
Cc1sc(C)c2OCC(COCC(CC)CCCC)(COCC(CC)CCCC)COc12,Cc1ccc(C)c2nsnc12,Cc1sc(C)c2OCCOc12,85,5,10
Cc1sc(C)c2OCC(COCC(CC)CCCC)(COCC(CC)CCCC)COc12,Cc1ccc(C)c2nsnc12,Cc1sc(C)c2OCCOc12,85,0,15
Cc1sc(C)c2OCC(COCC(CC)CCCC)(COCC(CC)CCCC)COc12,Cc1ccc(C)c2nsnc12,0,85,15,0
Cc1sc(C)c2OCC(COCC(CC)CCCC)(COCC(CC)CCCC)COc12,Cc1ccc(C)c2nsnc12,Cc1ccc3c(c1)Cc2cc(C)ccc23,85,10,5
Cc1sc(C)c2OCC(COCC(CC)CCCC)(COCC(CC)CCCC)COc12,Cc1ccc(C)c2nsnc12,Cc1ccc3c(c1)Cc2cc(C)ccc23,85,5,10
Cc1sc(C)c2OCC(COCC(CC)CCCC)(COCC(CC)CCCC)COc12,Cc1ccc(C)c2nsnc12,Cc1ccc3c(c1)Cc2cc(C)ccc23,85,0,15
Cc1sc(C)c2OCC(COCC(CC)CCCC)(COCC(CC)CCCC)COc12,Cc1sc(C)c(OC)c1OC,0,85,15,0
Cc1sc(C)c2OCC(COCC(CC)CCCC)(COCC(CC)CCCC)COc12,Cc1sc(C)c(OC)c1OC,Cc1sc(C)c2OCCOc12,85,10,5
Cc1sc(C)c2OCC(COCC(CC)CCCC)(COCC(CC)CCCC)COc12,Cc1sc(C)c(OC)c1OC,Cc1sc(C)c2OCCOc12,85,5,10
Cc1sc(C)c2OCC(COCC(CC)CCCC)(COCC(CC)CCCC)COc12,Cc1sc(C)c(OC)c1OC,Cc1sc(C)c2OCCOc12,85,0,15
Cc1sc(C)c2OCC(COCC(CC)CCCC)(COCC(CC)CCCC)COc12,Cc1sc(C)c(OC)c1OC,0,85,15,0
Cc1sc(C)c2OCC(COCC(CC)CCCC)(COCC(CC)CCCC)COc12,Cc1sc(C)c(OC)c1OC,Cc1ccc3c(c1)Cc2cc(C)ccc23,85,10,5
Cc1sc(C)c2OCC(COCC(CC)CCCC)(COCC(CC)CCCC)COc12,Cc1sc(C)c(OC)c1OC,Cc1ccc3c(c1)Cc2cc(C)ccc23,85,5,10
Cc1sc(C)c2OCC(COCC(CC)CCCC)(COCC(CC)CCCC)COc12,Cc1sc(C)c(OC)c1OC,Cc1ccc3c(c1)Cc2cc(C)ccc23,85,0,15
Cc1sc(C)c2OCC(COCC(CC)CCCC)(COCC(CC)CCCC)COc12,Cc1sc(C)c2OCCOc12,0,85,15,0
Cc1sc(C)c2OCC(COCC(CC)CCCC)(COCC(CC)CCCC)COc12,Cc1sc(C)c2OCCOc12,Cc1ccc3c(c1)Cc2cc(C)ccc23,85,10,5
Cc1sc(C)c2OCC(COCC(CC)CCCC)(COCC(CC)CCCC)COc12,Cc1sc(C)c2OCCOc12,Cc1ccc3c(c1)Cc2cc(C)ccc23,85,5,10
Cc1sc(C)c2OCC(COCC(CC)CCCC)(COCC(CC)CCCC)COc12,Cc1sc(C)c2OCCOc12,Cc1ccc3c(c1)Cc2cc(C)ccc23,85,0,15
Cc1sc(C)c2OCC(COCC(CC)CCCC)(COCC(CC)CCCC)COc12,C1=CC(=CC=C1C)C,0,80,20,0
Cc1sc(C)c2OCC(COCC(CC)CCCC)(COCC(CC)CCCC)COc12,C1=CC(=CC=C1C)C,Cc1ccc(C)c2nsnc12,80,15,5
Cc1sc(C)c2OCC(COCC(CC)CCCC)(COCC(CC)CCCC)COc12,C1=CC(=CC=C1C)C,Cc1ccc(C)c2nsnc12,80,10,10
Cc1sc(C)c2OCC(COCC(CC)CCCC)(COCC(CC)CCCC)COc12,C1=CC(=CC=C1C)C,Cc1ccc(C)c2nsnc12,80,5,15
Cc1sc(C)c2OCC(COCC(CC)CCCC)(COCC(CC)CCCC)COc12,C1=CC(=CC=C1C)C,Cc1ccc(C)c2nsnc12,80,0,20
Cc1sc(C)c2OCC(COCC(CC)CCCC)(COCC(CC)CCCC)COc12,C1=CC(=CC=C1C)C,0,80,20,0
Cc1sc(C)c2OCC(COCC(CC)CCCC)(COCC(CC)CCCC)COc12,C1=CC(=CC=C1C)C,Cc1sc(C)c(OC)c1OC,80,15,5
Cc1sc(C)c2OCC(COCC(CC)CCCC)(COCC(CC)CCCC)COc12,C1=CC(=CC=C1C)C,Cc1sc(C)c(OC)c1OC,80,10,10
Cc1sc(C)c2OCC(COCC(CC)CCCC)(COCC(CC)CCCC)COc12,C1=CC(=CC=C1C)C,Cc1sc(C)c(OC)c1OC,80,5,15
Cc1sc(C)c2OCC(COCC(CC)CCCC)(COCC(CC)CCCC)COc12,C1=CC(=CC=C1C)C,Cc1sc(C)c(OC)c1OC,80,0,20
Cc1sc(C)c2OCC(COCC(CC)CCCC)(COCC(CC)CCCC)COc12,C1=CC(=CC=C1C)C,0,80,20,0
Cc1sc(C)c2OCC(COCC(CC)CCCC)(COCC(CC)CCCC)COc12,C1=CC(=CC=C1C)C,Cc1sc(C)c2OCCOc12,80,15,5
Cc1sc(C)c2OCC(COCC(CC)CCCC)(COCC(CC)CCCC)COc12,C1=CC(=CC=C1C)C,Cc1sc(C)c2OCCOc12,80,10,10
Cc1sc(C)c2OCC(COCC(CC)CCCC)(COCC(CC)CCCC)COc12,C1=CC(=CC=C1C)C,Cc1sc(C)c2OCCOc12,80,5,15
Cc1sc(C)c2OCC(COCC(CC)CCCC)(COCC(CC)CCCC)COc12,C1=CC(=CC=C1C)C,Cc1sc(C)c2OCCOc12,80,0,20
Cc1sc(C)c2OCC(COCC(CC)CCCC)(COCC(CC)CCCC)COc12,C1=CC(=CC=C1C)C,0,80,20,0
Cc1sc(C)c2OCC(COCC(CC)CCCC)(COCC(CC)CCCC)COc12,C1=CC(=CC=C1C)C,Cc1ccc3c(c1)Cc2cc(C)ccc23,80,15,5
Cc1sc(C)c2OCC(COCC(CC)CCCC)(COCC(CC)CCCC)COc12,C1=CC(=CC=C1C)C,Cc1ccc3c(c1)Cc2cc(C)ccc23,80,10,10
Cc1sc(C)c2OCC(COCC(CC)CCCC)(COCC(CC)CCCC)COc12,C1=CC(=CC=C1C)C,Cc1ccc3c(c1)Cc2cc(C)ccc23,80,5,15
Cc1sc(C)c2OCC(COCC(CC)CCCC)(COCC(CC)CCCC)COc12,C1=CC(=CC=C1C)C,Cc1ccc3c(c1)Cc2cc(C)ccc23,80,0,20
Cc1sc(C)c2OCC(COCC(CC)CCCC)(COCC(CC)CCCC)COc12,Cc1ccc(C)c2nsnc12,0,80,20,0
Cc1sc(C)c2OCC(COCC(CC)CCCC)(COCC(CC)CCCC)COc12,Cc1ccc(C)c2nsnc12,Cc1sc(C)c(OC)c1OC,80,15,5
Cc1sc(C)c2OCC(COCC(CC)CCCC)(COCC(CC)CCCC)COc12,Cc1ccc(C)c2nsnc12,Cc1sc(C)c(OC)c1OC,80,10,10
Cc1sc(C)c2OCC(COCC(CC)CCCC)(COCC(CC)CCCC)COc12,Cc1ccc(C)c2nsnc12,Cc1sc(C)c(OC)c1OC,80,5,15
Cc1sc(C)c2OCC(COCC(CC)CCCC)(COCC(CC)CCCC)COc12,Cc1ccc(C)c2nsnc12,Cc1sc(C)c(OC)c1OC,80,0,20
Cc1sc(C)c2OCC(COCC(CC)CCCC)(COCC(CC)CCCC)COc12,Cc1ccc(C)c2nsnc12,0,80,20,0
Cc1sc(C)c2OCC(COCC(CC)CCCC)(COCC(CC)CCCC)COc12,Cc1ccc(C)c2nsnc12,Cc1sc(C)c2OCCOc12,80,15,5
Cc1sc(C)c2OCC(COCC(CC)CCCC)(COCC(CC)CCCC)COc12,Cc1ccc(C)c2nsnc12,Cc1sc(C)c2OCCOc12,80,10,10
Cc1sc(C)c2OCC(COCC(CC)CCCC)(COCC(CC)CCCC)COc12,Cc1ccc(C)c2nsnc12,Cc1sc(C)c2OCCOc12,80,5,15
Cc1sc(C)c2OCC(COCC(CC)CCCC)(COCC(CC)CCCC)COc12,Cc1ccc(C)c2nsnc12,Cc1sc(C)c2OCCOc12,80,0,20
Cc1sc(C)c2OCC(COCC(CC)CCCC)(COCC(CC)CCCC)COc12,Cc1ccc(C)c2nsnc12,0,80,20,0
Cc1sc(C)c2OCC(COCC(CC)CCCC)(COCC(CC)CCCC)COc12,Cc1ccc(C)c2nsnc12,Cc1ccc3c(c1)Cc2cc(C)ccc23,80,15,5
Cc1sc(C)c2OCC(COCC(CC)CCCC)(COCC(CC)CCCC)COc12,Cc1ccc(C)c2nsnc12,Cc1ccc3c(c1)Cc2cc(C)ccc23,80,10,10
Cc1sc(C)c2OCC(COCC(CC)CCCC)(COCC(CC)CCCC)COc12,Cc1ccc(C)c2nsnc12,Cc1ccc3c(c1)Cc2cc(C)ccc23,80,5,15
Cc1sc(C)c2OCC(COCC(CC)CCCC)(COCC(CC)CCCC)COc12,Cc1ccc(C)c2nsnc12,Cc1ccc3c(c1)Cc2cc(C)ccc23,80,0,20
Cc1sc(C)c2OCC(COCC(CC)CCCC)(COCC(CC)CCCC)COc12,Cc1sc(C)c(OC)c1OC,0,80,20,0
Cc1sc(C)c2OCC(COCC(CC)CCCC)(COCC(CC)CCCC)COc12,Cc1sc(C)c(OC)c1OC,Cc1sc(C)c2OCCOc12,80,15,5
Cc1sc(C)c2OCC(COCC(CC)CCCC)(COCC(CC)CCCC)COc12,Cc1sc(C)c(OC)c1OC,Cc1sc(C)c2OCCOc12,80,10,10
Cc1sc(C)c2OCC(COCC(CC)CCCC)(COCC(CC)CCCC)COc12,Cc1sc(C)c(OC)c1OC,Cc1sc(C)c2OCCOc12,80,5,15
Cc1sc(C)c2OCC(COCC(CC)CCCC)(COCC(CC)CCCC)COc12,Cc1sc(C)c(OC)c1OC,Cc1sc(C)c2OCCOc12,80,0,20
Cc1sc(C)c2OCC(COCC(CC)CCCC)(COCC(CC)CCCC)COc12,Cc1sc(C)c(OC)c1OC,0,80,20,0
Cc1sc(C)c2OCC(COCC(CC)CCCC)(COCC(CC)CCCC)COc12,Cc1sc(C)c(OC)c1OC,Cc1ccc3c(c1)Cc2cc(C)ccc23,80,15,5
Cc1sc(C)c2OCC(COCC(CC)CCCC)(COCC(CC)CCCC)COc12,Cc1sc(C)c(OC)c1OC,Cc1ccc3c(c1)Cc2cc(C)ccc23,80,10,10
Cc1sc(C)c2OCC(COCC(CC)CCCC)(COCC(CC)CCCC)COc12,Cc1sc(C)c(OC)c1OC,Cc1ccc3c(c1)Cc2cc(C)ccc23,80,5,15
Cc1sc(C)c2OCC(COCC(CC)CCCC)(COCC(CC)CCCC)COc12,Cc1sc(C)c(OC)c1OC,Cc1ccc3c(c1)Cc2cc(C)ccc23,80,0,20
Cc1sc(C)c2OCC(COCC(CC)CCCC)(COCC(CC)CCCC)COc12,Cc1sc(C)c2OCCOc12,0,80,20,0
Cc1sc(C)c2OCC(COCC(CC)CCCC)(COCC(CC)CCCC)COc12,Cc1sc(C)c2OCCOc12,Cc1ccc3c(c1)Cc2cc(C)ccc23,80,15,5
Cc1sc(C)c2OCC(COCC(CC)CCCC)(COCC(CC)CCCC)COc12,Cc1sc(C)c2OCCOc12,Cc1ccc3c(c1)Cc2cc(C)ccc23,80,10,10
Cc1sc(C)c2OCC(COCC(CC)CCCC)(COCC(CC)CCCC)COc12,Cc1sc(C)c2OCCOc12,Cc1ccc3c(c1)Cc2cc(C)ccc23,80,5,15
Cc1sc(C)c2OCC(COCC(CC)CCCC)(COCC(CC)CCCC)COc12,Cc1sc(C)c2OCCOc12,Cc1ccc3c(c1)Cc2cc(C)ccc23,80,0,20
Cc1sc(C)c2OCC(COCC(CC)CCCC)(COCC(CC)CCCC)COc12,C1=CC(=CC=C1C)C,0,75,25,0
Cc1sc(C)c2OCC(COCC(CC)CCCC)(COCC(CC)CCCC)COc12,C1=CC(=CC=C1C)C,Cc1ccc(C)c2nsnc12,75,20,5
Cc1sc(C)c2OCC(COCC(CC)CCCC)(COCC(CC)CCCC)COc12,C1=CC(=CC=C1C)C,Cc1ccc(C)c2nsnc12,75,15,10
Cc1sc(C)c2OCC(COCC(CC)CCCC)(COCC(CC)CCCC)COc12,C1=CC(=CC=C1C)C,Cc1ccc(C)c2nsnc12,75,10,15
Cc1sc(C)c2OCC(COCC(CC)CCCC)(COCC(CC)CCCC)COc12,C1=CC(=CC=C1C)C,Cc1ccc(C)c2nsnc12,75,5,20
Cc1sc(C)c2OCC(COCC(CC)CCCC)(COCC(CC)CCCC)COc12,C1=CC(=CC=C1C)C,Cc1ccc(C)c2nsnc12,75,0,25
Cc1sc(C)c2OCC(COCC(CC)CCCC)(COCC(CC)CCCC)COc12,C1=CC(=CC=C1C)C,0,75,25,0
Cc1sc(C)c2OCC(COCC(CC)CCCC)(COCC(CC)CCCC)COc12,C1=CC(=CC=C1C)C,Cc1sc(C)c(OC)c1OC,75,20,5
Cc1sc(C)c2OCC(COCC(CC)CCCC)(COCC(CC)CCCC)COc12,C1=CC(=CC=C1C)C,Cc1sc(C)c(OC)c1OC,75,15,10
Cc1sc(C)c2OCC(COCC(CC)CCCC)(COCC(CC)CCCC)COc12,C1=CC(=CC=C1C)C,Cc1sc(C)c(OC)c1OC,75,10,15
Cc1sc(C)c2OCC(COCC(CC)CCCC)(COCC(CC)CCCC)COc12,C1=CC(=CC=C1C)C,Cc1sc(C)c(OC)c1OC,75,5,20
Cc1sc(C)c2OCC(COCC(CC)CCCC)(COCC(CC)CCCC)COc12,C1=CC(=CC=C1C)C,Cc1sc(C)c(OC)c1OC,75,0,25
Cc1sc(C)c2OCC(COCC(CC)CCCC)(COCC(CC)CCCC)COc12,C1=CC(=CC=C1C)C,0,75,25,0
Cc1sc(C)c2OCC(COCC(CC)CCCC)(COCC(CC)CCCC)COc12,C1=CC(=CC=C1C)C,Cc1sc(C)c2OCCOc12,75,20,5
Cc1sc(C)c2OCC(COCC(CC)CCCC)(COCC(CC)CCCC)COc12,C1=CC(=CC=C1C)C,Cc1sc(C)c2OCCOc12,75,15,10
Cc1sc(C)c2OCC(COCC(CC)CCCC)(COCC(CC)CCCC)COc12,C1=CC(=CC=C1C)C,Cc1sc(C)c2OCCOc12,75,10,15
Cc1sc(C)c2OCC(COCC(CC)CCCC)(COCC(CC)CCCC)COc12,C1=CC(=CC=C1C)C,Cc1sc(C)c2OCCOc12,75,5,20
Cc1sc(C)c2OCC(COCC(CC)CCCC)(COCC(CC)CCCC)COc12,C1=CC(=CC=C1C)C,Cc1sc(C)c2OCCOc12,75,0,25
Cc1sc(C)c2OCC(COCC(CC)CCCC)(COCC(CC)CCCC)COc12,C1=CC(=CC=C1C)C,0,75,25,0
Cc1sc(C)c2OCC(COCC(CC)CCCC)(COCC(CC)CCCC)COc12,C1=CC(=CC=C1C)C,Cc1ccc3c(c1)Cc2cc(C)ccc23,75,20,5
Cc1sc(C)c2OCC(COCC(CC)CCCC)(COCC(CC)CCCC)COc12,C1=CC(=CC=C1C)C,Cc1ccc3c(c1)Cc2cc(C)ccc23,75,15,10
Cc1sc(C)c2OCC(COCC(CC)CCCC)(COCC(CC)CCCC)COc12,C1=CC(=CC=C1C)C,Cc1ccc3c(c1)Cc2cc(C)ccc23,75,10,15
Cc1sc(C)c2OCC(COCC(CC)CCCC)(COCC(CC)CCCC)COc12,C1=CC(=CC=C1C)C,Cc1ccc3c(c1)Cc2cc(C)ccc23,75,5,20
Cc1sc(C)c2OCC(COCC(CC)CCCC)(COCC(CC)CCCC)COc12,C1=CC(=CC=C1C)C,Cc1ccc3c(c1)Cc2cc(C)ccc23,75,0,25
Cc1sc(C)c2OCC(COCC(CC)CCCC)(COCC(CC)CCCC)COc12,Cc1ccc(C)c2nsnc12,0,75,25,0
Cc1sc(C)c2OCC(COCC(CC)CCCC)(COCC(CC)CCCC)COc12,Cc1ccc(C)c2nsnc12,Cc1sc(C)c(OC)c1OC,75,20,5
Cc1sc(C)c2OCC(COCC(CC)CCCC)(COCC(CC)CCCC)COc12,Cc1ccc(C)c2nsnc12,Cc1sc(C)c(OC)c1OC,75,15,10
Cc1sc(C)c2OCC(COCC(CC)CCCC)(COCC(CC)CCCC)COc12,Cc1ccc(C)c2nsnc12,Cc1sc(C)c(OC)c1OC,75,10,15
Cc1sc(C)c2OCC(COCC(CC)CCCC)(COCC(CC)CCCC)COc12,Cc1ccc(C)c2nsnc12,Cc1sc(C)c(OC)c1OC,75,5,20
Cc1sc(C)c2OCC(COCC(CC)CCCC)(COCC(CC)CCCC)COc12,Cc1ccc(C)c2nsnc12,Cc1sc(C)c(OC)c1OC,75,0,25
Cc1sc(C)c2OCC(COCC(CC)CCCC)(COCC(CC)CCCC)COc12,Cc1ccc(C)c2nsnc12,0,75,25,0
Cc1sc(C)c2OCC(COCC(CC)CCCC)(COCC(CC)CCCC)COc12,Cc1ccc(C)c2nsnc12,Cc1sc(C)c2OCCOc12,75,20,5
Cc1sc(C)c2OCC(COCC(CC)CCCC)(COCC(CC)CCCC)COc12,Cc1ccc(C)c2nsnc12,Cc1sc(C)c2OCCOc12,75,15,10
Cc1sc(C)c2OCC(COCC(CC)CCCC)(COCC(CC)CCCC)COc12,Cc1ccc(C)c2nsnc12,Cc1sc(C)c2OCCOc12,75,10,15
Cc1sc(C)c2OCC(COCC(CC)CCCC)(COCC(CC)CCCC)COc12,Cc1ccc(C)c2nsnc12,Cc1sc(C)c2OCCOc12,75,5,20
Cc1sc(C)c2OCC(COCC(CC)CCCC)(COCC(CC)CCCC)COc12,Cc1ccc(C)c2nsnc12,Cc1sc(C)c2OCCOc12,75,0,25
Cc1sc(C)c2OCC(COCC(CC)CCCC)(COCC(CC)CCCC)COc12,Cc1ccc(C)c2nsnc12,0,75,25,0
Cc1sc(C)c2OCC(COCC(CC)CCCC)(COCC(CC)CCCC)COc12,Cc1ccc(C)c2nsnc12,Cc1ccc3c(c1)Cc2cc(C)ccc23,75,20,5
Cc1sc(C)c2OCC(COCC(CC)CCCC)(COCC(CC)CCCC)COc12,Cc1ccc(C)c2nsnc12,Cc1ccc3c(c1)Cc2cc(C)ccc23,75,15,10
Cc1sc(C)c2OCC(COCC(CC)CCCC)(COCC(CC)CCCC)COc12,Cc1ccc(C)c2nsnc12,Cc1ccc3c(c1)Cc2cc(C)ccc23,75,10,15
Cc1sc(C)c2OCC(COCC(CC)CCCC)(COCC(CC)CCCC)COc12,Cc1ccc(C)c2nsnc12,Cc1ccc3c(c1)Cc2cc(C)ccc23,75,5,20
Cc1sc(C)c2OCC(COCC(CC)CCCC)(COCC(CC)CCCC)COc12,Cc1ccc(C)c2nsnc12,Cc1ccc3c(c1)Cc2cc(C)ccc23,75,0,25
Cc1sc(C)c2OCC(COCC(CC)CCCC)(COCC(CC)CCCC)COc12,Cc1sc(C)c(OC)c1OC,0,75,25,0
Cc1sc(C)c2OCC(COCC(CC)CCCC)(COCC(CC)CCCC)COc12,Cc1sc(C)c(OC)c1OC,Cc1sc(C)c2OCCOc12,75,20,5
Cc1sc(C)c2OCC(COCC(CC)CCCC)(COCC(CC)CCCC)COc12,Cc1sc(C)c(OC)c1OC,Cc1sc(C)c2OCCOc12,75,15,10
Cc1sc(C)c2OCC(COCC(CC)CCCC)(COCC(CC)CCCC)COc12,Cc1sc(C)c(OC)c1OC,Cc1sc(C)c2OCCOc12,75,10,15
Cc1sc(C)c2OCC(COCC(CC)CCCC)(COCC(CC)CCCC)COc12,Cc1sc(C)c(OC)c1OC,Cc1sc(C)c2OCCOc12,75,5,20
Cc1sc(C)c2OCC(COCC(CC)CCCC)(COCC(CC)CCCC)COc12,Cc1sc(C)c(OC)c1OC,Cc1sc(C)c2OCCOc12,75,0,25
Cc1sc(C)c2OCC(COCC(CC)CCCC)(COCC(CC)CCCC)COc12,Cc1sc(C)c(OC)c1OC,0,75,25,0
Cc1sc(C)c2OCC(COCC(CC)CCCC)(COCC(CC)CCCC)COc12,Cc1sc(C)c(OC)c1OC,Cc1ccc3c(c1)Cc2cc(C)ccc23,75,20,5
Cc1sc(C)c2OCC(COCC(CC)CCCC)(COCC(CC)CCCC)COc12,Cc1sc(C)c(OC)c1OC,Cc1ccc3c(c1)Cc2cc(C)ccc23,75,15,10
Cc1sc(C)c2OCC(COCC(CC)CCCC)(COCC(CC)CCCC)COc12,Cc1sc(C)c(OC)c1OC,Cc1ccc3c(c1)Cc2cc(C)ccc23,75,10,15
Cc1sc(C)c2OCC(COCC(CC)CCCC)(COCC(CC)CCCC)COc12,Cc1sc(C)c(OC)c1OC,Cc1ccc3c(c1)Cc2cc(C)ccc23,75,5,20
Cc1sc(C)c2OCC(COCC(CC)CCCC)(COCC(CC)CCCC)COc12,Cc1sc(C)c(OC)c1OC,Cc1ccc3c(c1)Cc2cc(C)ccc23,75,0,25
Cc1sc(C)c2OCC(COCC(CC)CCCC)(COCC(CC)CCCC)COc12,Cc1sc(C)c2OCCOc12,0,75,25,0
Cc1sc(C)c2OCC(COCC(CC)CCCC)(COCC(CC)CCCC)COc12,Cc1sc(C)c2OCCOc12,Cc1ccc3c(c1)Cc2cc(C)ccc23,75,20,5
Cc1sc(C)c2OCC(COCC(CC)CCCC)(COCC(CC)CCCC)COc12,Cc1sc(C)c2OCCOc12,Cc1ccc3c(c1)Cc2cc(C)ccc23,75,15,10
Cc1sc(C)c2OCC(COCC(CC)CCCC)(COCC(CC)CCCC)COc12,Cc1sc(C)c2OCCOc12,Cc1ccc3c(c1)Cc2cc(C)ccc23,75,10,15
Cc1sc(C)c2OCC(COCC(CC)CCCC)(COCC(CC)CCCC)COc12,Cc1sc(C)c2OCCOc12,Cc1ccc3c(c1)Cc2cc(C)ccc23,75,5,20
Cc1sc(C)c2OCC(COCC(CC)CCCC)(COCC(CC)CCCC)COc12,Cc1sc(C)c2OCCOc12,Cc1ccc3c(c1)Cc2cc(C)ccc23,75,0,25
Cc1sc(C)c2OCC(COCC(CC)CCCC)(COCC(CC)CCCC)COc12,C1=CC(=CC=C1C)C,0,70,30,0
Cc1sc(C)c2OCC(COCC(CC)CCCC)(COCC(CC)CCCC)COc12,C1=CC(=CC=C1C)C,Cc1ccc(C)c2nsnc12,70,25,5
Cc1sc(C)c2OCC(COCC(CC)CCCC)(COCC(CC)CCCC)COc12,C1=CC(=CC=C1C)C,Cc1ccc(C)c2nsnc12,70,20,10
Cc1sc(C)c2OCC(COCC(CC)CCCC)(COCC(CC)CCCC)COc12,C1=CC(=CC=C1C)C,Cc1ccc(C)c2nsnc12,70,15,15
Cc1sc(C)c2OCC(COCC(CC)CCCC)(COCC(CC)CCCC)COc12,C1=CC(=CC=C1C)C,Cc1ccc(C)c2nsnc12,70,10,20
Cc1sc(C)c2OCC(COCC(CC)CCCC)(COCC(CC)CCCC)COc12,C1=CC(=CC=C1C)C,Cc1ccc(C)c2nsnc12,70,5,25
Cc1sc(C)c2OCC(COCC(CC)CCCC)(COCC(CC)CCCC)COc12,C1=CC(=CC=C1C)C,Cc1ccc(C)c2nsnc12,70,0,30
Cc1sc(C)c2OCC(COCC(CC)CCCC)(COCC(CC)CCCC)COc12,C1=CC(=CC=C1C)C,0,70,30,0
Cc1sc(C)c2OCC(COCC(CC)CCCC)(COCC(CC)CCCC)COc12,C1=CC(=CC=C1C)C,Cc1sc(C)c(OC)c1OC,70,25,5
Cc1sc(C)c2OCC(COCC(CC)CCCC)(COCC(CC)CCCC)COc12,C1=CC(=CC=C1C)C,Cc1sc(C)c(OC)c1OC,70,20,10
Cc1sc(C)c2OCC(COCC(CC)CCCC)(COCC(CC)CCCC)COc12,C1=CC(=CC=C1C)C,Cc1sc(C)c(OC)c1OC,70,15,15
Cc1sc(C)c2OCC(COCC(CC)CCCC)(COCC(CC)CCCC)COc12,C1=CC(=CC=C1C)C,Cc1sc(C)c(OC)c1OC,70,10,20
Cc1sc(C)c2OCC(COCC(CC)CCCC)(COCC(CC)CCCC)COc12,C1=CC(=CC=C1C)C,Cc1sc(C)c(OC)c1OC,70,5,25
Cc1sc(C)c2OCC(COCC(CC)CCCC)(COCC(CC)CCCC)COc12,C1=CC(=CC=C1C)C,Cc1sc(C)c(OC)c1OC,70,0,30
Cc1sc(C)c2OCC(COCC(CC)CCCC)(COCC(CC)CCCC)COc12,C1=CC(=CC=C1C)C,0,70,30,0
Cc1sc(C)c2OCC(COCC(CC)CCCC)(COCC(CC)CCCC)COc12,C1=CC(=CC=C1C)C,Cc1sc(C)c2OCCOc12,70,25,5
Cc1sc(C)c2OCC(COCC(CC)CCCC)(COCC(CC)CCCC)COc12,C1=CC(=CC=C1C)C,Cc1sc(C)c2OCCOc12,70,20,10
Cc1sc(C)c2OCC(COCC(CC)CCCC)(COCC(CC)CCCC)COc12,C1=CC(=CC=C1C)C,Cc1sc(C)c2OCCOc12,70,15,15
Cc1sc(C)c2OCC(COCC(CC)CCCC)(COCC(CC)CCCC)COc12,C1=CC(=CC=C1C)C,Cc1sc(C)c2OCCOc12,70,10,20
Cc1sc(C)c2OCC(COCC(CC)CCCC)(COCC(CC)CCCC)COc12,C1=CC(=CC=C1C)C,Cc1sc(C)c2OCCOc12,70,5,25
Cc1sc(C)c2OCC(COCC(CC)CCCC)(COCC(CC)CCCC)COc12,C1=CC(=CC=C1C)C,Cc1sc(C)c2OCCOc12,70,0,30
Cc1sc(C)c2OCC(COCC(CC)CCCC)(COCC(CC)CCCC)COc12,C1=CC(=CC=C1C)C,0,70,30,0
Cc1sc(C)c2OCC(COCC(CC)CCCC)(COCC(CC)CCCC)COc12,C1=CC(=CC=C1C)C,Cc1ccc3c(c1)Cc2cc(C)ccc23,70,25,5
Cc1sc(C)c2OCC(COCC(CC)CCCC)(COCC(CC)CCCC)COc12,C1=CC(=CC=C1C)C,Cc1ccc3c(c1)Cc2cc(C)ccc23,70,20,10
Cc1sc(C)c2OCC(COCC(CC)CCCC)(COCC(CC)CCCC)COc12,C1=CC(=CC=C1C)C,Cc1ccc3c(c1)Cc2cc(C)ccc23,70,15,15
Cc1sc(C)c2OCC(COCC(CC)CCCC)(COCC(CC)CCCC)COc12,C1=CC(=CC=C1C)C,Cc1ccc3c(c1)Cc2cc(C)ccc23,70,10,20
Cc1sc(C)c2OCC(COCC(CC)CCCC)(COCC(CC)CCCC)COc12,C1=CC(=CC=C1C)C,Cc1ccc3c(c1)Cc2cc(C)ccc23,70,5,25
Cc1sc(C)c2OCC(COCC(CC)CCCC)(COCC(CC)CCCC)COc12,C1=CC(=CC=C1C)C,Cc1ccc3c(c1)Cc2cc(C)ccc23,70,0,30
Cc1sc(C)c2OCC(COCC(CC)CCCC)(COCC(CC)CCCC)COc12,Cc1ccc(C)c2nsnc12,0,70,30,0
Cc1sc(C)c2OCC(COCC(CC)CCCC)(COCC(CC)CCCC)COc12,Cc1ccc(C)c2nsnc12,Cc1sc(C)c(OC)c1OC,70,25,5
Cc1sc(C)c2OCC(COCC(CC)CCCC)(COCC(CC)CCCC)COc12,Cc1ccc(C)c2nsnc12,Cc1sc(C)c(OC)c1OC,70,20,10
Cc1sc(C)c2OCC(COCC(CC)CCCC)(COCC(CC)CCCC)COc12,Cc1ccc(C)c2nsnc12,Cc1sc(C)c(OC)c1OC,70,15,15
Cc1sc(C)c2OCC(COCC(CC)CCCC)(COCC(CC)CCCC)COc12,Cc1ccc(C)c2nsnc12,Cc1sc(C)c(OC)c1OC,70,10,20
Cc1sc(C)c2OCC(COCC(CC)CCCC)(COCC(CC)CCCC)COc12,Cc1ccc(C)c2nsnc12,Cc1sc(C)c(OC)c1OC,70,5,25
Cc1sc(C)c2OCC(COCC(CC)CCCC)(COCC(CC)CCCC)COc12,Cc1ccc(C)c2nsnc12,Cc1sc(C)c(OC)c1OC,70,0,30
Cc1sc(C)c2OCC(COCC(CC)CCCC)(COCC(CC)CCCC)COc12,Cc1ccc(C)c2nsnc12,0,70,30,0
Cc1sc(C)c2OCC(COCC(CC)CCCC)(COCC(CC)CCCC)COc12,Cc1ccc(C)c2nsnc12,Cc1sc(C)c2OCCOc12,70,25,5
Cc1sc(C)c2OCC(COCC(CC)CCCC)(COCC(CC)CCCC)COc12,Cc1ccc(C)c2nsnc12,Cc1sc(C)c2OCCOc12,70,20,10
Cc1sc(C)c2OCC(COCC(CC)CCCC)(COCC(CC)CCCC)COc12,Cc1ccc(C)c2nsnc12,Cc1sc(C)c2OCCOc12,70,15,15
Cc1sc(C)c2OCC(COCC(CC)CCCC)(COCC(CC)CCCC)COc12,Cc1ccc(C)c2nsnc12,Cc1sc(C)c2OCCOc12,70,10,20
Cc1sc(C)c2OCC(COCC(CC)CCCC)(COCC(CC)CCCC)COc12,Cc1ccc(C)c2nsnc12,Cc1sc(C)c2OCCOc12,70,5,25
Cc1sc(C)c2OCC(COCC(CC)CCCC)(COCC(CC)CCCC)COc12,Cc1ccc(C)c2nsnc12,Cc1sc(C)c2OCCOc12,70,0,30
Cc1sc(C)c2OCC(COCC(CC)CCCC)(COCC(CC)CCCC)COc12,Cc1ccc(C)c2nsnc12,0,70,30,0
Cc1sc(C)c2OCC(COCC(CC)CCCC)(COCC(CC)CCCC)COc12,Cc1ccc(C)c2nsnc12,Cc1ccc3c(c1)Cc2cc(C)ccc23,70,25,5
Cc1sc(C)c2OCC(COCC(CC)CCCC)(COCC(CC)CCCC)COc12,Cc1ccc(C)c2nsnc12,Cc1ccc3c(c1)Cc2cc(C)ccc23,70,20,10
Cc1sc(C)c2OCC(COCC(CC)CCCC)(COCC(CC)CCCC)COc12,Cc1ccc(C)c2nsnc12,Cc1ccc3c(c1)Cc2cc(C)ccc23,70,15,15
Cc1sc(C)c2OCC(COCC(CC)CCCC)(COCC(CC)CCCC)COc12,Cc1ccc(C)c2nsnc12,Cc1ccc3c(c1)Cc2cc(C)ccc23,70,10,20
Cc1sc(C)c2OCC(COCC(CC)CCCC)(COCC(CC)CCCC)COc12,Cc1ccc(C)c2nsnc12,Cc1ccc3c(c1)Cc2cc(C)ccc23,70,5,25
Cc1sc(C)c2OCC(COCC(CC)CCCC)(COCC(CC)CCCC)COc12,Cc1ccc(C)c2nsnc12,Cc1ccc3c(c1)Cc2cc(C)ccc23,70,0,30
Cc1sc(C)c2OCC(COCC(CC)CCCC)(COCC(CC)CCCC)COc12,Cc1sc(C)c(OC)c1OC,0,70,30,0
Cc1sc(C)c2OCC(COCC(CC)CCCC)(COCC(CC)CCCC)COc12,Cc1sc(C)c(OC)c1OC,Cc1sc(C)c2OCCOc12,70,25,5
Cc1sc(C)c2OCC(COCC(CC)CCCC)(COCC(CC)CCCC)COc12,Cc1sc(C)c(OC)c1OC,Cc1sc(C)c2OCCOc12,70,20,10
Cc1sc(C)c2OCC(COCC(CC)CCCC)(COCC(CC)CCCC)COc12,Cc1sc(C)c(OC)c1OC,Cc1sc(C)c2OCCOc12,70,15,15
Cc1sc(C)c2OCC(COCC(CC)CCCC)(COCC(CC)CCCC)COc12,Cc1sc(C)c(OC)c1OC,Cc1sc(C)c2OCCOc12,70,10,20
Cc1sc(C)c2OCC(COCC(CC)CCCC)(COCC(CC)CCCC)COc12,Cc1sc(C)c(OC)c1OC,Cc1sc(C)c2OCCOc12,70,5,25
Cc1sc(C)c2OCC(COCC(CC)CCCC)(COCC(CC)CCCC)COc12,Cc1sc(C)c(OC)c1OC,Cc1sc(C)c2OCCOc12,70,0,30
Cc1sc(C)c2OCC(COCC(CC)CCCC)(COCC(CC)CCCC)COc12,Cc1sc(C)c(OC)c1OC,0,70,30,0
Cc1sc(C)c2OCC(COCC(CC)CCCC)(COCC(CC)CCCC)COc12,Cc1sc(C)c(OC)c1OC,Cc1ccc3c(c1)Cc2cc(C)ccc23,70,25,5
Cc1sc(C)c2OCC(COCC(CC)CCCC)(COCC(CC)CCCC)COc12,Cc1sc(C)c(OC)c1OC,Cc1ccc3c(c1)Cc2cc(C)ccc23,70,20,10
Cc1sc(C)c2OCC(COCC(CC)CCCC)(COCC(CC)CCCC)COc12,Cc1sc(C)c(OC)c1OC,Cc1ccc3c(c1)Cc2cc(C)ccc23,70,15,15
Cc1sc(C)c2OCC(COCC(CC)CCCC)(COCC(CC)CCCC)COc12,Cc1sc(C)c(OC)c1OC,Cc1ccc3c(c1)Cc2cc(C)ccc23,70,10,20
Cc1sc(C)c2OCC(COCC(CC)CCCC)(COCC(CC)CCCC)COc12,Cc1sc(C)c(OC)c1OC,Cc1ccc3c(c1)Cc2cc(C)ccc23,70,5,25
Cc1sc(C)c2OCC(COCC(CC)CCCC)(COCC(CC)CCCC)COc12,Cc1sc(C)c(OC)c1OC,Cc1ccc3c(c1)Cc2cc(C)ccc23,70,0,30
Cc1sc(C)c2OCC(COCC(CC)CCCC)(COCC(CC)CCCC)COc12,Cc1sc(C)c2OCCOc12,0,70,30,0
Cc1sc(C)c2OCC(COCC(CC)CCCC)(COCC(CC)CCCC)COc12,Cc1sc(C)c2OCCOc12,Cc1ccc3c(c1)Cc2cc(C)ccc23,70,25,5
Cc1sc(C)c2OCC(COCC(CC)CCCC)(COCC(CC)CCCC)COc12,Cc1sc(C)c2OCCOc12,Cc1ccc3c(c1)Cc2cc(C)ccc23,70,20,10
Cc1sc(C)c2OCC(COCC(CC)CCCC)(COCC(CC)CCCC)COc12,Cc1sc(C)c2OCCOc12,Cc1ccc3c(c1)Cc2cc(C)ccc23,70,15,15
Cc1sc(C)c2OCC(COCC(CC)CCCC)(COCC(CC)CCCC)COc12,Cc1sc(C)c2OCCOc12,Cc1ccc3c(c1)Cc2cc(C)ccc23,70,10,20
Cc1sc(C)c2OCC(COCC(CC)CCCC)(COCC(CC)CCCC)COc12,Cc1sc(C)c2OCCOc12,Cc1ccc3c(c1)Cc2cc(C)ccc23,70,5,25
Cc1sc(C)c2OCC(COCC(CC)CCCC)(COCC(CC)CCCC)COc12,Cc1sc(C)c2OCCOc12,Cc1ccc3c(c1)Cc2cc(C)ccc23,70,0,30
Cc1sc(C)c2OCC(COCC(CC)CCCC)(COCC(CC)CCCC)COc12,C1=CC(=CC=C1C)C,0,65,35,0
Cc1sc(C)c2OCC(COCC(CC)CCCC)(COCC(CC)CCCC)COc12,C1=CC(=CC=C1C)C,Cc1ccc(C)c2nsnc12,65,30,5
Cc1sc(C)c2OCC(COCC(CC)CCCC)(COCC(CC)CCCC)COc12,C1=CC(=CC=C1C)C,Cc1ccc(C)c2nsnc12,65,25,10
Cc1sc(C)c2OCC(COCC(CC)CCCC)(COCC(CC)CCCC)COc12,C1=CC(=CC=C1C)C,Cc1ccc(C)c2nsnc12,65,20,15
Cc1sc(C)c2OCC(COCC(CC)CCCC)(COCC(CC)CCCC)COc12,C1=CC(=CC=C1C)C,Cc1ccc(C)c2nsnc12,65,15,20
Cc1sc(C)c2OCC(COCC(CC)CCCC)(COCC(CC)CCCC)COc12,C1=CC(=CC=C1C)C,Cc1ccc(C)c2nsnc12,65,10,25
Cc1sc(C)c2OCC(COCC(CC)CCCC)(COCC(CC)CCCC)COc12,C1=CC(=CC=C1C)C,Cc1ccc(C)c2nsnc12,65,5,30
Cc1sc(C)c2OCC(COCC(CC)CCCC)(COCC(CC)CCCC)COc12,C1=CC(=CC=C1C)C,Cc1ccc(C)c2nsnc12,65,0,35
Cc1sc(C)c2OCC(COCC(CC)CCCC)(COCC(CC)CCCC)COc12,C1=CC(=CC=C1C)C,0,65,35,0
Cc1sc(C)c2OCC(COCC(CC)CCCC)(COCC(CC)CCCC)COc12,C1=CC(=CC=C1C)C,Cc1sc(C)c(OC)c1OC,65,30,5
Cc1sc(C)c2OCC(COCC(CC)CCCC)(COCC(CC)CCCC)COc12,C1=CC(=CC=C1C)C,Cc1sc(C)c(OC)c1OC,65,25,10
Cc1sc(C)c2OCC(COCC(CC)CCCC)(COCC(CC)CCCC)COc12,C1=CC(=CC=C1C)C,Cc1sc(C)c(OC)c1OC,65,20,15
Cc1sc(C)c2OCC(COCC(CC)CCCC)(COCC(CC)CCCC)COc12,C1=CC(=CC=C1C)C,Cc1sc(C)c(OC)c1OC,65,15,20
Cc1sc(C)c2OCC(COCC(CC)CCCC)(COCC(CC)CCCC)COc12,C1=CC(=CC=C1C)C,Cc1sc(C)c(OC)c1OC,65,10,25
Cc1sc(C)c2OCC(COCC(CC)CCCC)(COCC(CC)CCCC)COc12,C1=CC(=CC=C1C)C,Cc1sc(C)c(OC)c1OC,65,5,30
Cc1sc(C)c2OCC(COCC(CC)CCCC)(COCC(CC)CCCC)COc12,C1=CC(=CC=C1C)C,Cc1sc(C)c(OC)c1OC,65,0,35
Cc1sc(C)c2OCC(COCC(CC)CCCC)(COCC(CC)CCCC)COc12,C1=CC(=CC=C1C)C,0,65,35,0
Cc1sc(C)c2OCC(COCC(CC)CCCC)(COCC(CC)CCCC)COc12,C1=CC(=CC=C1C)C,Cc1sc(C)c2OCCOc12,65,30,5
Cc1sc(C)c2OCC(COCC(CC)CCCC)(COCC(CC)CCCC)COc12,C1=CC(=CC=C1C)C,Cc1sc(C)c2OCCOc12,65,25,10
Cc1sc(C)c2OCC(COCC(CC)CCCC)(COCC(CC)CCCC)COc12,C1=CC(=CC=C1C)C,Cc1sc(C)c2OCCOc12,65,20,15
Cc1sc(C)c2OCC(COCC(CC)CCCC)(COCC(CC)CCCC)COc12,C1=CC(=CC=C1C)C,Cc1sc(C)c2OCCOc12,65,15,20
Cc1sc(C)c2OCC(COCC(CC)CCCC)(COCC(CC)CCCC)COc12,C1=CC(=CC=C1C)C,Cc1sc(C)c2OCCOc12,65,10,25
Cc1sc(C)c2OCC(COCC(CC)CCCC)(COCC(CC)CCCC)COc12,C1=CC(=CC=C1C)C,Cc1sc(C)c2OCCOc12,65,5,30
Cc1sc(C)c2OCC(COCC(CC)CCCC)(COCC(CC)CCCC)COc12,C1=CC(=CC=C1C)C,Cc1sc(C)c2OCCOc12,65,0,35
Cc1sc(C)c2OCC(COCC(CC)CCCC)(COCC(CC)CCCC)COc12,C1=CC(=CC=C1C)C,0,65,35,0
Cc1sc(C)c2OCC(COCC(CC)CCCC)(COCC(CC)CCCC)COc12,C1=CC(=CC=C1C)C,Cc1ccc3c(c1)Cc2cc(C)ccc23,65,30,5
Cc1sc(C)c2OCC(COCC(CC)CCCC)(COCC(CC)CCCC)COc12,C1=CC(=CC=C1C)C,Cc1ccc3c(c1)Cc2cc(C)ccc23,65,25,10
Cc1sc(C)c2OCC(COCC(CC)CCCC)(COCC(CC)CCCC)COc12,C1=CC(=CC=C1C)C,Cc1ccc3c(c1)Cc2cc(C)ccc23,65,20,15
Cc1sc(C)c2OCC(COCC(CC)CCCC)(COCC(CC)CCCC)COc12,C1=CC(=CC=C1C)C,Cc1ccc3c(c1)Cc2cc(C)ccc23,65,15,20
Cc1sc(C)c2OCC(COCC(CC)CCCC)(COCC(CC)CCCC)COc12,C1=CC(=CC=C1C)C,Cc1ccc3c(c1)Cc2cc(C)ccc23,65,10,25
Cc1sc(C)c2OCC(COCC(CC)CCCC)(COCC(CC)CCCC)COc12,C1=CC(=CC=C1C)C,Cc1ccc3c(c1)Cc2cc(C)ccc23,65,5,30
Cc1sc(C)c2OCC(COCC(CC)CCCC)(COCC(CC)CCCC)COc12,C1=CC(=CC=C1C)C,Cc1ccc3c(c1)Cc2cc(C)ccc23,65,0,35
Cc1sc(C)c2OCC(COCC(CC)CCCC)(COCC(CC)CCCC)COc12,Cc1ccc(C)c2nsnc12,0,65,35,0
Cc1sc(C)c2OCC(COCC(CC)CCCC)(COCC(CC)CCCC)COc12,Cc1ccc(C)c2nsnc12,Cc1sc(C)c(OC)c1OC,65,30,5
Cc1sc(C)c2OCC(COCC(CC)CCCC)(COCC(CC)CCCC)COc12,Cc1ccc(C)c2nsnc12,Cc1sc(C)c(OC)c1OC,65,25,10
Cc1sc(C)c2OCC(COCC(CC)CCCC)(COCC(CC)CCCC)COc12,Cc1ccc(C)c2nsnc12,Cc1sc(C)c(OC)c1OC,65,20,15
Cc1sc(C)c2OCC(COCC(CC)CCCC)(COCC(CC)CCCC)COc12,Cc1ccc(C)c2nsnc12,Cc1sc(C)c(OC)c1OC,65,15,20
Cc1sc(C)c2OCC(COCC(CC)CCCC)(COCC(CC)CCCC)COc12,Cc1ccc(C)c2nsnc12,Cc1sc(C)c(OC)c1OC,65,10,25
Cc1sc(C)c2OCC(COCC(CC)CCCC)(COCC(CC)CCCC)COc12,Cc1ccc(C)c2nsnc12,Cc1sc(C)c(OC)c1OC,65,5,30
Cc1sc(C)c2OCC(COCC(CC)CCCC)(COCC(CC)CCCC)COc12,Cc1ccc(C)c2nsnc12,Cc1sc(C)c(OC)c1OC,65,0,35
Cc1sc(C)c2OCC(COCC(CC)CCCC)(COCC(CC)CCCC)COc12,Cc1ccc(C)c2nsnc12,0,65,35,0
Cc1sc(C)c2OCC(COCC(CC)CCCC)(COCC(CC)CCCC)COc12,Cc1ccc(C)c2nsnc12,Cc1sc(C)c2OCCOc12,65,30,5
Cc1sc(C)c2OCC(COCC(CC)CCCC)(COCC(CC)CCCC)COc12,Cc1ccc(C)c2nsnc12,Cc1sc(C)c2OCCOc12,65,25,10
Cc1sc(C)c2OCC(COCC(CC)CCCC)(COCC(CC)CCCC)COc12,Cc1ccc(C)c2nsnc12,Cc1sc(C)c2OCCOc12,65,20,15
Cc1sc(C)c2OCC(COCC(CC)CCCC)(COCC(CC)CCCC)COc12,Cc1ccc(C)c2nsnc12,Cc1sc(C)c2OCCOc12,65,15,20
Cc1sc(C)c2OCC(COCC(CC)CCCC)(COCC(CC)CCCC)COc12,Cc1ccc(C)c2nsnc12,Cc1sc(C)c2OCCOc12,65,10,25
Cc1sc(C)c2OCC(COCC(CC)CCCC)(COCC(CC)CCCC)COc12,Cc1ccc(C)c2nsnc12,Cc1sc(C)c2OCCOc12,65,5,30
Cc1sc(C)c2OCC(COCC(CC)CCCC)(COCC(CC)CCCC)COc12,Cc1ccc(C)c2nsnc12,Cc1sc(C)c2OCCOc12,65,0,35
Cc1sc(C)c2OCC(COCC(CC)CCCC)(COCC(CC)CCCC)COc12,Cc1ccc(C)c2nsnc12,0,65,35,0
Cc1sc(C)c2OCC(COCC(CC)CCCC)(COCC(CC)CCCC)COc12,Cc1ccc(C)c2nsnc12,Cc1ccc3c(c1)Cc2cc(C)ccc23,65,30,5
Cc1sc(C)c2OCC(COCC(CC)CCCC)(COCC(CC)CCCC)COc12,Cc1ccc(C)c2nsnc12,Cc1ccc3c(c1)Cc2cc(C)ccc23,65,25,10
Cc1sc(C)c2OCC(COCC(CC)CCCC)(COCC(CC)CCCC)COc12,Cc1ccc(C)c2nsnc12,Cc1ccc3c(c1)Cc2cc(C)ccc23,65,20,15
Cc1sc(C)c2OCC(COCC(CC)CCCC)(COCC(CC)CCCC)COc12,Cc1ccc(C)c2nsnc12,Cc1ccc3c(c1)Cc2cc(C)ccc23,65,15,20
Cc1sc(C)c2OCC(COCC(CC)CCCC)(COCC(CC)CCCC)COc12,Cc1ccc(C)c2nsnc12,Cc1ccc3c(c1)Cc2cc(C)ccc23,65,10,25
Cc1sc(C)c2OCC(COCC(CC)CCCC)(COCC(CC)CCCC)COc12,Cc1ccc(C)c2nsnc12,Cc1ccc3c(c1)Cc2cc(C)ccc23,65,5,30
Cc1sc(C)c2OCC(COCC(CC)CCCC)(COCC(CC)CCCC)COc12,Cc1ccc(C)c2nsnc12,Cc1ccc3c(c1)Cc2cc(C)ccc23,65,0,35
Cc1sc(C)c2OCC(COCC(CC)CCCC)(COCC(CC)CCCC)COc12,Cc1sc(C)c(OC)c1OC,0,65,35,0
Cc1sc(C)c2OCC(COCC(CC)CCCC)(COCC(CC)CCCC)COc12,Cc1sc(C)c(OC)c1OC,Cc1sc(C)c2OCCOc12,65,30,5
Cc1sc(C)c2OCC(COCC(CC)CCCC)(COCC(CC)CCCC)COc12,Cc1sc(C)c(OC)c1OC,Cc1sc(C)c2OCCOc12,65,25,10
Cc1sc(C)c2OCC(COCC(CC)CCCC)(COCC(CC)CCCC)COc12,Cc1sc(C)c(OC)c1OC,Cc1sc(C)c2OCCOc12,65,20,15
Cc1sc(C)c2OCC(COCC(CC)CCCC)(COCC(CC)CCCC)COc12,Cc1sc(C)c(OC)c1OC,Cc1sc(C)c2OCCOc12,65,15,20
Cc1sc(C)c2OCC(COCC(CC)CCCC)(COCC(CC)CCCC)COc12,Cc1sc(C)c(OC)c1OC,Cc1sc(C)c2OCCOc12,65,10,25
Cc1sc(C)c2OCC(COCC(CC)CCCC)(COCC(CC)CCCC)COc12,Cc1sc(C)c(OC)c1OC,Cc1sc(C)c2OCCOc12,65,5,30
Cc1sc(C)c2OCC(COCC(CC)CCCC)(COCC(CC)CCCC)COc12,Cc1sc(C)c(OC)c1OC,Cc1sc(C)c2OCCOc12,65,0,35
Cc1sc(C)c2OCC(COCC(CC)CCCC)(COCC(CC)CCCC)COc12,Cc1sc(C)c(OC)c1OC,0,65,35,0
Cc1sc(C)c2OCC(COCC(CC)CCCC)(COCC(CC)CCCC)COc12,Cc1sc(C)c(OC)c1OC,Cc1ccc3c(c1)Cc2cc(C)ccc23,65,30,5
Cc1sc(C)c2OCC(COCC(CC)CCCC)(COCC(CC)CCCC)COc12,Cc1sc(C)c(OC)c1OC,Cc1ccc3c(c1)Cc2cc(C)ccc23,65,25,10
Cc1sc(C)c2OCC(COCC(CC)CCCC)(COCC(CC)CCCC)COc12,Cc1sc(C)c(OC)c1OC,Cc1ccc3c(c1)Cc2cc(C)ccc23,65,20,15
Cc1sc(C)c2OCC(COCC(CC)CCCC)(COCC(CC)CCCC)COc12,Cc1sc(C)c(OC)c1OC,Cc1ccc3c(c1)Cc2cc(C)ccc23,65,15,20
Cc1sc(C)c2OCC(COCC(CC)CCCC)(COCC(CC)CCCC)COc12,Cc1sc(C)c(OC)c1OC,Cc1ccc3c(c1)Cc2cc(C)ccc23,65,10,25
Cc1sc(C)c2OCC(COCC(CC)CCCC)(COCC(CC)CCCC)COc12,Cc1sc(C)c(OC)c1OC,Cc1ccc3c(c1)Cc2cc(C)ccc23,65,5,30
Cc1sc(C)c2OCC(COCC(CC)CCCC)(COCC(CC)CCCC)COc12,Cc1sc(C)c(OC)c1OC,Cc1ccc3c(c1)Cc2cc(C)ccc23,65,0,35
Cc1sc(C)c2OCC(COCC(CC)CCCC)(COCC(CC)CCCC)COc12,Cc1sc(C)c2OCCOc12,0,65,35,0
Cc1sc(C)c2OCC(COCC(CC)CCCC)(COCC(CC)CCCC)COc12,Cc1sc(C)c2OCCOc12,Cc1ccc3c(c1)Cc2cc(C)ccc23,65,30,5
Cc1sc(C)c2OCC(COCC(CC)CCCC)(COCC(CC)CCCC)COc12,Cc1sc(C)c2OCCOc12,Cc1ccc3c(c1)Cc2cc(C)ccc23,65,25,10
Cc1sc(C)c2OCC(COCC(CC)CCCC)(COCC(CC)CCCC)COc12,Cc1sc(C)c2OCCOc12,Cc1ccc3c(c1)Cc2cc(C)ccc23,65,20,15
Cc1sc(C)c2OCC(COCC(CC)CCCC)(COCC(CC)CCCC)COc12,Cc1sc(C)c2OCCOc12,Cc1ccc3c(c1)Cc2cc(C)ccc23,65,15,20
Cc1sc(C)c2OCC(COCC(CC)CCCC)(COCC(CC)CCCC)COc12,Cc1sc(C)c2OCCOc12,Cc1ccc3c(c1)Cc2cc(C)ccc23,65,10,25
Cc1sc(C)c2OCC(COCC(CC)CCCC)(COCC(CC)CCCC)COc12,Cc1sc(C)c2OCCOc12,Cc1ccc3c(c1)Cc2cc(C)ccc23,65,5,30
Cc1sc(C)c2OCC(COCC(CC)CCCC)(COCC(CC)CCCC)COc12,Cc1sc(C)c2OCCOc12,Cc1ccc3c(c1)Cc2cc(C)ccc23,65,0,35
Cc1sc(C)c2OCC(COCC(CC)CCCC)(COCC(CC)CCCC)COc12,C1=CC(=CC=C1C)C,0,60,40,0
Cc1sc(C)c2OCC(COCC(CC)CCCC)(COCC(CC)CCCC)COc12,C1=CC(=CC=C1C)C,Cc1ccc(C)c2nsnc12,60,35,5
Cc1sc(C)c2OCC(COCC(CC)CCCC)(COCC(CC)CCCC)COc12,C1=CC(=CC=C1C)C,Cc1ccc(C)c2nsnc12,60,30,10
Cc1sc(C)c2OCC(COCC(CC)CCCC)(COCC(CC)CCCC)COc12,C1=CC(=CC=C1C)C,Cc1ccc(C)c2nsnc12,60,25,15
Cc1sc(C)c2OCC(COCC(CC)CCCC)(COCC(CC)CCCC)COc12,C1=CC(=CC=C1C)C,Cc1ccc(C)c2nsnc12,60,20,20
Cc1sc(C)c2OCC(COCC(CC)CCCC)(COCC(CC)CCCC)COc12,C1=CC(=CC=C1C)C,Cc1ccc(C)c2nsnc12,60,15,25
Cc1sc(C)c2OCC(COCC(CC)CCCC)(COCC(CC)CCCC)COc12,C1=CC(=CC=C1C)C,Cc1ccc(C)c2nsnc12,60,10,30
Cc1sc(C)c2OCC(COCC(CC)CCCC)(COCC(CC)CCCC)COc12,C1=CC(=CC=C1C)C,Cc1ccc(C)c2nsnc12,60,5,35
Cc1sc(C)c2OCC(COCC(CC)CCCC)(COCC(CC)CCCC)COc12,C1=CC(=CC=C1C)C,Cc1ccc(C)c2nsnc12,60,0,40
Cc1sc(C)c2OCC(COCC(CC)CCCC)(COCC(CC)CCCC)COc12,C1=CC(=CC=C1C)C,0,60,40,0
Cc1sc(C)c2OCC(COCC(CC)CCCC)(COCC(CC)CCCC)COc12,C1=CC(=CC=C1C)C,Cc1sc(C)c(OC)c1OC,60,35,5
Cc1sc(C)c2OCC(COCC(CC)CCCC)(COCC(CC)CCCC)COc12,C1=CC(=CC=C1C)C,Cc1sc(C)c(OC)c1OC,60,30,10
Cc1sc(C)c2OCC(COCC(CC)CCCC)(COCC(CC)CCCC)COc12,C1=CC(=CC=C1C)C,Cc1sc(C)c(OC)c1OC,60,25,15
Cc1sc(C)c2OCC(COCC(CC)CCCC)(COCC(CC)CCCC)COc12,C1=CC(=CC=C1C)C,Cc1sc(C)c(OC)c1OC,60,20,20
Cc1sc(C)c2OCC(COCC(CC)CCCC)(COCC(CC)CCCC)COc12,C1=CC(=CC=C1C)C,Cc1sc(C)c(OC)c1OC,60,15,25
Cc1sc(C)c2OCC(COCC(CC)CCCC)(COCC(CC)CCCC)COc12,C1=CC(=CC=C1C)C,Cc1sc(C)c(OC)c1OC,60,10,30
Cc1sc(C)c2OCC(COCC(CC)CCCC)(COCC(CC)CCCC)COc12,C1=CC(=CC=C1C)C,Cc1sc(C)c(OC)c1OC,60,5,35
Cc1sc(C)c2OCC(COCC(CC)CCCC)(COCC(CC)CCCC)COc12,C1=CC(=CC=C1C)C,Cc1sc(C)c(OC)c1OC,60,0,40
Cc1sc(C)c2OCC(COCC(CC)CCCC)(COCC(CC)CCCC)COc12,C1=CC(=CC=C1C)C,0,60,40,0
Cc1sc(C)c2OCC(COCC(CC)CCCC)(COCC(CC)CCCC)COc12,C1=CC(=CC=C1C)C,Cc1sc(C)c2OCCOc12,60,35,5
Cc1sc(C)c2OCC(COCC(CC)CCCC)(COCC(CC)CCCC)COc12,C1=CC(=CC=C1C)C,Cc1sc(C)c2OCCOc12,60,30,10
Cc1sc(C)c2OCC(COCC(CC)CCCC)(COCC(CC)CCCC)COc12,C1=CC(=CC=C1C)C,Cc1sc(C)c2OCCOc12,60,25,15
Cc1sc(C)c2OCC(COCC(CC)CCCC)(COCC(CC)CCCC)COc12,C1=CC(=CC=C1C)C,Cc1sc(C)c2OCCOc12,60,20,20
Cc1sc(C)c2OCC(COCC(CC)CCCC)(COCC(CC)CCCC)COc12,C1=CC(=CC=C1C)C,Cc1sc(C)c2OCCOc12,60,15,25
Cc1sc(C)c2OCC(COCC(CC)CCCC)(COCC(CC)CCCC)COc12,C1=CC(=CC=C1C)C,Cc1sc(C)c2OCCOc12,60,10,30
Cc1sc(C)c2OCC(COCC(CC)CCCC)(COCC(CC)CCCC)COc12,C1=CC(=CC=C1C)C,Cc1sc(C)c2OCCOc12,60,5,35
Cc1sc(C)c2OCC(COCC(CC)CCCC)(COCC(CC)CCCC)COc12,C1=CC(=CC=C1C)C,Cc1sc(C)c2OCCOc12,60,0,40
Cc1sc(C)c2OCC(COCC(CC)CCCC)(COCC(CC)CCCC)COc12,C1=CC(=CC=C1C)C,0,60,40,0
Cc1sc(C)c2OCC(COCC(CC)CCCC)(COCC(CC)CCCC)COc12,C1=CC(=CC=C1C)C,Cc1ccc3c(c1)Cc2cc(C)ccc23,60,35,5
Cc1sc(C)c2OCC(COCC(CC)CCCC)(COCC(CC)CCCC)COc12,C1=CC(=CC=C1C)C,Cc1ccc3c(c1)Cc2cc(C)ccc23,60,30,10
Cc1sc(C)c2OCC(COCC(CC)CCCC)(COCC(CC)CCCC)COc12,C1=CC(=CC=C1C)C,Cc1ccc3c(c1)Cc2cc(C)ccc23,60,25,15
Cc1sc(C)c2OCC(COCC(CC)CCCC)(COCC(CC)CCCC)COc12,C1=CC(=CC=C1C)C,Cc1ccc3c(c1)Cc2cc(C)ccc23,60,20,20
Cc1sc(C)c2OCC(COCC(CC)CCCC)(COCC(CC)CCCC)COc12,C1=CC(=CC=C1C)C,Cc1ccc3c(c1)Cc2cc(C)ccc23,60,15,25
Cc1sc(C)c2OCC(COCC(CC)CCCC)(COCC(CC)CCCC)COc12,C1=CC(=CC=C1C)C,Cc1ccc3c(c1)Cc2cc(C)ccc23,60,10,30
Cc1sc(C)c2OCC(COCC(CC)CCCC)(COCC(CC)CCCC)COc12,C1=CC(=CC=C1C)C,Cc1ccc3c(c1)Cc2cc(C)ccc23,60,5,35
Cc1sc(C)c2OCC(COCC(CC)CCCC)(COCC(CC)CCCC)COc12,C1=CC(=CC=C1C)C,Cc1ccc3c(c1)Cc2cc(C)ccc23,60,0,40
Cc1sc(C)c2OCC(COCC(CC)CCCC)(COCC(CC)CCCC)COc12,Cc1ccc(C)c2nsnc12,0,60,40,0
Cc1sc(C)c2OCC(COCC(CC)CCCC)(COCC(CC)CCCC)COc12,Cc1ccc(C)c2nsnc12,Cc1sc(C)c(OC)c1OC,60,35,5
Cc1sc(C)c2OCC(COCC(CC)CCCC)(COCC(CC)CCCC)COc12,Cc1ccc(C)c2nsnc12,Cc1sc(C)c(OC)c1OC,60,30,10
Cc1sc(C)c2OCC(COCC(CC)CCCC)(COCC(CC)CCCC)COc12,Cc1ccc(C)c2nsnc12,Cc1sc(C)c(OC)c1OC,60,25,15
Cc1sc(C)c2OCC(COCC(CC)CCCC)(COCC(CC)CCCC)COc12,Cc1ccc(C)c2nsnc12,Cc1sc(C)c(OC)c1OC,60,20,20
Cc1sc(C)c2OCC(COCC(CC)CCCC)(COCC(CC)CCCC)COc12,Cc1ccc(C)c2nsnc12,Cc1sc(C)c(OC)c1OC,60,15,25
Cc1sc(C)c2OCC(COCC(CC)CCCC)(COCC(CC)CCCC)COc12,Cc1ccc(C)c2nsnc12,Cc1sc(C)c(OC)c1OC,60,10,30
Cc1sc(C)c2OCC(COCC(CC)CCCC)(COCC(CC)CCCC)COc12,Cc1ccc(C)c2nsnc12,Cc1sc(C)c(OC)c1OC,60,5,35
Cc1sc(C)c2OCC(COCC(CC)CCCC)(COCC(CC)CCCC)COc12,Cc1ccc(C)c2nsnc12,Cc1sc(C)c(OC)c1OC,60,0,40
Cc1sc(C)c2OCC(COCC(CC)CCCC)(COCC(CC)CCCC)COc12,Cc1ccc(C)c2nsnc12,0,60,40,0
Cc1sc(C)c2OCC(COCC(CC)CCCC)(COCC(CC)CCCC)COc12,Cc1ccc(C)c2nsnc12,Cc1sc(C)c2OCCOc12,60,35,5
Cc1sc(C)c2OCC(COCC(CC)CCCC)(COCC(CC)CCCC)COc12,Cc1ccc(C)c2nsnc12,Cc1sc(C)c2OCCOc12,60,30,10
Cc1sc(C)c2OCC(COCC(CC)CCCC)(COCC(CC)CCCC)COc12,Cc1ccc(C)c2nsnc12,Cc1sc(C)c2OCCOc12,60,25,15
Cc1sc(C)c2OCC(COCC(CC)CCCC)(COCC(CC)CCCC)COc12,Cc1ccc(C)c2nsnc12,Cc1sc(C)c2OCCOc12,60,20,20
Cc1sc(C)c2OCC(COCC(CC)CCCC)(COCC(CC)CCCC)COc12,Cc1ccc(C)c2nsnc12,Cc1sc(C)c2OCCOc12,60,15,25
Cc1sc(C)c2OCC(COCC(CC)CCCC)(COCC(CC)CCCC)COc12,Cc1ccc(C)c2nsnc12,Cc1sc(C)c2OCCOc12,60,10,30
Cc1sc(C)c2OCC(COCC(CC)CCCC)(COCC(CC)CCCC)COc12,Cc1ccc(C)c2nsnc12,Cc1sc(C)c2OCCOc12,60,5,35
Cc1sc(C)c2OCC(COCC(CC)CCCC)(COCC(CC)CCCC)COc12,Cc1ccc(C)c2nsnc12,Cc1sc(C)c2OCCOc12,60,0,40
Cc1sc(C)c2OCC(COCC(CC)CCCC)(COCC(CC)CCCC)COc12,Cc1ccc(C)c2nsnc12,0,60,40,0
Cc1sc(C)c2OCC(COCC(CC)CCCC)(COCC(CC)CCCC)COc12,Cc1ccc(C)c2nsnc12,Cc1ccc3c(c1)Cc2cc(C)ccc23,60,35,5
Cc1sc(C)c2OCC(COCC(CC)CCCC)(COCC(CC)CCCC)COc12,Cc1ccc(C)c2nsnc12,Cc1ccc3c(c1)Cc2cc(C)ccc23,60,30,10
Cc1sc(C)c2OCC(COCC(CC)CCCC)(COCC(CC)CCCC)COc12,Cc1ccc(C)c2nsnc12,Cc1ccc3c(c1)Cc2cc(C)ccc23,60,25,15
Cc1sc(C)c2OCC(COCC(CC)CCCC)(COCC(CC)CCCC)COc12,Cc1ccc(C)c2nsnc12,Cc1ccc3c(c1)Cc2cc(C)ccc23,60,20,20
Cc1sc(C)c2OCC(COCC(CC)CCCC)(COCC(CC)CCCC)COc12,Cc1ccc(C)c2nsnc12,Cc1ccc3c(c1)Cc2cc(C)ccc23,60,15,25
Cc1sc(C)c2OCC(COCC(CC)CCCC)(COCC(CC)CCCC)COc12,Cc1ccc(C)c2nsnc12,Cc1ccc3c(c1)Cc2cc(C)ccc23,60,10,30
Cc1sc(C)c2OCC(COCC(CC)CCCC)(COCC(CC)CCCC)COc12,Cc1ccc(C)c2nsnc12,Cc1ccc3c(c1)Cc2cc(C)ccc23,60,5,35
Cc1sc(C)c2OCC(COCC(CC)CCCC)(COCC(CC)CCCC)COc12,Cc1ccc(C)c2nsnc12,Cc1ccc3c(c1)Cc2cc(C)ccc23,60,0,40
Cc1sc(C)c2OCC(COCC(CC)CCCC)(COCC(CC)CCCC)COc12,Cc1sc(C)c(OC)c1OC,0,60,40,0
Cc1sc(C)c2OCC(COCC(CC)CCCC)(COCC(CC)CCCC)COc12,Cc1sc(C)c(OC)c1OC,Cc1sc(C)c2OCCOc12,60,35,5
Cc1sc(C)c2OCC(COCC(CC)CCCC)(COCC(CC)CCCC)COc12,Cc1sc(C)c(OC)c1OC,Cc1sc(C)c2OCCOc12,60,30,10
Cc1sc(C)c2OCC(COCC(CC)CCCC)(COCC(CC)CCCC)COc12,Cc1sc(C)c(OC)c1OC,Cc1sc(C)c2OCCOc12,60,25,15
Cc1sc(C)c2OCC(COCC(CC)CCCC)(COCC(CC)CCCC)COc12,Cc1sc(C)c(OC)c1OC,Cc1sc(C)c2OCCOc12,60,20,20
Cc1sc(C)c2OCC(COCC(CC)CCCC)(COCC(CC)CCCC)COc12,Cc1sc(C)c(OC)c1OC,Cc1sc(C)c2OCCOc12,60,15,25
Cc1sc(C)c2OCC(COCC(CC)CCCC)(COCC(CC)CCCC)COc12,Cc1sc(C)c(OC)c1OC,Cc1sc(C)c2OCCOc12,60,10,30
Cc1sc(C)c2OCC(COCC(CC)CCCC)(COCC(CC)CCCC)COc12,Cc1sc(C)c(OC)c1OC,Cc1sc(C)c2OCCOc12,60,5,35
Cc1sc(C)c2OCC(COCC(CC)CCCC)(COCC(CC)CCCC)COc12,Cc1sc(C)c(OC)c1OC,Cc1sc(C)c2OCCOc12,60,0,40
Cc1sc(C)c2OCC(COCC(CC)CCCC)(COCC(CC)CCCC)COc12,Cc1sc(C)c(OC)c1OC,0,60,40,0
Cc1sc(C)c2OCC(COCC(CC)CCCC)(COCC(CC)CCCC)COc12,Cc1sc(C)c(OC)c1OC,Cc1ccc3c(c1)Cc2cc(C)ccc23,60,35,5
Cc1sc(C)c2OCC(COCC(CC)CCCC)(COCC(CC)CCCC)COc12,Cc1sc(C)c(OC)c1OC,Cc1ccc3c(c1)Cc2cc(C)ccc23,60,30,10
Cc1sc(C)c2OCC(COCC(CC)CCCC)(COCC(CC)CCCC)COc12,Cc1sc(C)c(OC)c1OC,Cc1ccc3c(c1)Cc2cc(C)ccc23,60,25,15
Cc1sc(C)c2OCC(COCC(CC)CCCC)(COCC(CC)CCCC)COc12,Cc1sc(C)c(OC)c1OC,Cc1ccc3c(c1)Cc2cc(C)ccc23,60,20,20
Cc1sc(C)c2OCC(COCC(CC)CCCC)(COCC(CC)CCCC)COc12,Cc1sc(C)c(OC)c1OC,Cc1ccc3c(c1)Cc2cc(C)ccc23,60,15,25
Cc1sc(C)c2OCC(COCC(CC)CCCC)(COCC(CC)CCCC)COc12,Cc1sc(C)c(OC)c1OC,Cc1ccc3c(c1)Cc2cc(C)ccc23,60,10,30
Cc1sc(C)c2OCC(COCC(CC)CCCC)(COCC(CC)CCCC)COc12,Cc1sc(C)c(OC)c1OC,Cc1ccc3c(c1)Cc2cc(C)ccc23,60,5,35
Cc1sc(C)c2OCC(COCC(CC)CCCC)(COCC(CC)CCCC)COc12,Cc1sc(C)c(OC)c1OC,Cc1ccc3c(c1)Cc2cc(C)ccc23,60,0,40
Cc1sc(C)c2OCC(COCC(CC)CCCC)(COCC(CC)CCCC)COc12,Cc1sc(C)c2OCCOc12,0,60,40,0
Cc1sc(C)c2OCC(COCC(CC)CCCC)(COCC(CC)CCCC)COc12,Cc1sc(C)c2OCCOc12,Cc1ccc3c(c1)Cc2cc(C)ccc23,60,35,5
Cc1sc(C)c2OCC(COCC(CC)CCCC)(COCC(CC)CCCC)COc12,Cc1sc(C)c2OCCOc12,Cc1ccc3c(c1)Cc2cc(C)ccc23,60,30,10
Cc1sc(C)c2OCC(COCC(CC)CCCC)(COCC(CC)CCCC)COc12,Cc1sc(C)c2OCCOc12,Cc1ccc3c(c1)Cc2cc(C)ccc23,60,25,15
Cc1sc(C)c2OCC(COCC(CC)CCCC)(COCC(CC)CCCC)COc12,Cc1sc(C)c2OCCOc12,Cc1ccc3c(c1)Cc2cc(C)ccc23,60,20,20
Cc1sc(C)c2OCC(COCC(CC)CCCC)(COCC(CC)CCCC)COc12,Cc1sc(C)c2OCCOc12,Cc1ccc3c(c1)Cc2cc(C)ccc23,60,15,25
Cc1sc(C)c2OCC(COCC(CC)CCCC)(COCC(CC)CCCC)COc12,Cc1sc(C)c2OCCOc12,Cc1ccc3c(c1)Cc2cc(C)ccc23,60,10,30
Cc1sc(C)c2OCC(COCC(CC)CCCC)(COCC(CC)CCCC)COc12,Cc1sc(C)c2OCCOc12,Cc1ccc3c(c1)Cc2cc(C)ccc23,60,5,35
Cc1sc(C)c2OCC(COCC(CC)CCCC)(COCC(CC)CCCC)COc12,Cc1sc(C)c2OCCOc12,Cc1ccc3c(c1)Cc2cc(C)ccc23,60,0,40
Cc1sc(C)c2OCC(COCC(CC)CCCC)(COCC(CC)CCCC)COc12,C1=CC(=CC=C1C)C,0,55,45,0
Cc1sc(C)c2OCC(COCC(CC)CCCC)(COCC(CC)CCCC)COc12,C1=CC(=CC=C1C)C,Cc1ccc(C)c2nsnc12,55,40,5
Cc1sc(C)c2OCC(COCC(CC)CCCC)(COCC(CC)CCCC)COc12,C1=CC(=CC=C1C)C,Cc1ccc(C)c2nsnc12,55,35,10
Cc1sc(C)c2OCC(COCC(CC)CCCC)(COCC(CC)CCCC)COc12,C1=CC(=CC=C1C)C,Cc1ccc(C)c2nsnc12,55,30,15
Cc1sc(C)c2OCC(COCC(CC)CCCC)(COCC(CC)CCCC)COc12,C1=CC(=CC=C1C)C,Cc1ccc(C)c2nsnc12,55,25,20
Cc1sc(C)c2OCC(COCC(CC)CCCC)(COCC(CC)CCCC)COc12,C1=CC(=CC=C1C)C,Cc1ccc(C)c2nsnc12,55,20,25
Cc1sc(C)c2OCC(COCC(CC)CCCC)(COCC(CC)CCCC)COc12,C1=CC(=CC=C1C)C,Cc1ccc(C)c2nsnc12,55,15,30
Cc1sc(C)c2OCC(COCC(CC)CCCC)(COCC(CC)CCCC)COc12,C1=CC(=CC=C1C)C,Cc1ccc(C)c2nsnc12,55,10,35
Cc1sc(C)c2OCC(COCC(CC)CCCC)(COCC(CC)CCCC)COc12,C1=CC(=CC=C1C)C,Cc1ccc(C)c2nsnc12,55,5,40
Cc1sc(C)c2OCC(COCC(CC)CCCC)(COCC(CC)CCCC)COc12,C1=CC(=CC=C1C)C,Cc1ccc(C)c2nsnc12,55,0,45
Cc1sc(C)c2OCC(COCC(CC)CCCC)(COCC(CC)CCCC)COc12,C1=CC(=CC=C1C)C,0,55,45,0
Cc1sc(C)c2OCC(COCC(CC)CCCC)(COCC(CC)CCCC)COc12,C1=CC(=CC=C1C)C,Cc1sc(C)c(OC)c1OC,55,40,5
Cc1sc(C)c2OCC(COCC(CC)CCCC)(COCC(CC)CCCC)COc12,C1=CC(=CC=C1C)C,Cc1sc(C)c(OC)c1OC,55,35,10
Cc1sc(C)c2OCC(COCC(CC)CCCC)(COCC(CC)CCCC)COc12,C1=CC(=CC=C1C)C,Cc1sc(C)c(OC)c1OC,55,30,15
Cc1sc(C)c2OCC(COCC(CC)CCCC)(COCC(CC)CCCC)COc12,C1=CC(=CC=C1C)C,Cc1sc(C)c(OC)c1OC,55,25,20
Cc1sc(C)c2OCC(COCC(CC)CCCC)(COCC(CC)CCCC)COc12,C1=CC(=CC=C1C)C,Cc1sc(C)c(OC)c1OC,55,20,25
Cc1sc(C)c2OCC(COCC(CC)CCCC)(COCC(CC)CCCC)COc12,C1=CC(=CC=C1C)C,Cc1sc(C)c(OC)c1OC,55,15,30
Cc1sc(C)c2OCC(COCC(CC)CCCC)(COCC(CC)CCCC)COc12,C1=CC(=CC=C1C)C,Cc1sc(C)c(OC)c1OC,55,10,35
Cc1sc(C)c2OCC(COCC(CC)CCCC)(COCC(CC)CCCC)COc12,C1=CC(=CC=C1C)C,Cc1sc(C)c(OC)c1OC,55,5,40
Cc1sc(C)c2OCC(COCC(CC)CCCC)(COCC(CC)CCCC)COc12,C1=CC(=CC=C1C)C,Cc1sc(C)c(OC)c1OC,55,0,45
Cc1sc(C)c2OCC(COCC(CC)CCCC)(COCC(CC)CCCC)COc12,C1=CC(=CC=C1C)C,0,55,45,0
Cc1sc(C)c2OCC(COCC(CC)CCCC)(COCC(CC)CCCC)COc12,C1=CC(=CC=C1C)C,Cc1sc(C)c2OCCOc12,55,40,5
Cc1sc(C)c2OCC(COCC(CC)CCCC)(COCC(CC)CCCC)COc12,C1=CC(=CC=C1C)C,Cc1sc(C)c2OCCOc12,55,35,10
Cc1sc(C)c2OCC(COCC(CC)CCCC)(COCC(CC)CCCC)COc12,C1=CC(=CC=C1C)C,Cc1sc(C)c2OCCOc12,55,30,15
Cc1sc(C)c2OCC(COCC(CC)CCCC)(COCC(CC)CCCC)COc12,C1=CC(=CC=C1C)C,Cc1sc(C)c2OCCOc12,55,25,20
Cc1sc(C)c2OCC(COCC(CC)CCCC)(COCC(CC)CCCC)COc12,C1=CC(=CC=C1C)C,Cc1sc(C)c2OCCOc12,55,20,25
Cc1sc(C)c2OCC(COCC(CC)CCCC)(COCC(CC)CCCC)COc12,C1=CC(=CC=C1C)C,Cc1sc(C)c2OCCOc12,55,15,30
Cc1sc(C)c2OCC(COCC(CC)CCCC)(COCC(CC)CCCC)COc12,C1=CC(=CC=C1C)C,Cc1sc(C)c2OCCOc12,55,10,35
Cc1sc(C)c2OCC(COCC(CC)CCCC)(COCC(CC)CCCC)COc12,C1=CC(=CC=C1C)C,Cc1sc(C)c2OCCOc12,55,5,40
Cc1sc(C)c2OCC(COCC(CC)CCCC)(COCC(CC)CCCC)COc12,C1=CC(=CC=C1C)C,Cc1sc(C)c2OCCOc12,55,0,45
Cc1sc(C)c2OCC(COCC(CC)CCCC)(COCC(CC)CCCC)COc12,C1=CC(=CC=C1C)C,0,55,45,0
Cc1sc(C)c2OCC(COCC(CC)CCCC)(COCC(CC)CCCC)COc12,C1=CC(=CC=C1C)C,Cc1ccc3c(c1)Cc2cc(C)ccc23,55,40,5
Cc1sc(C)c2OCC(COCC(CC)CCCC)(COCC(CC)CCCC)COc12,C1=CC(=CC=C1C)C,Cc1ccc3c(c1)Cc2cc(C)ccc23,55,35,10
Cc1sc(C)c2OCC(COCC(CC)CCCC)(COCC(CC)CCCC)COc12,C1=CC(=CC=C1C)C,Cc1ccc3c(c1)Cc2cc(C)ccc23,55,30,15
Cc1sc(C)c2OCC(COCC(CC)CCCC)(COCC(CC)CCCC)COc12,C1=CC(=CC=C1C)C,Cc1ccc3c(c1)Cc2cc(C)ccc23,55,25,20
Cc1sc(C)c2OCC(COCC(CC)CCCC)(COCC(CC)CCCC)COc12,C1=CC(=CC=C1C)C,Cc1ccc3c(c1)Cc2cc(C)ccc23,55,20,25
Cc1sc(C)c2OCC(COCC(CC)CCCC)(COCC(CC)CCCC)COc12,C1=CC(=CC=C1C)C,Cc1ccc3c(c1)Cc2cc(C)ccc23,55,15,30
Cc1sc(C)c2OCC(COCC(CC)CCCC)(COCC(CC)CCCC)COc12,C1=CC(=CC=C1C)C,Cc1ccc3c(c1)Cc2cc(C)ccc23,55,10,35
Cc1sc(C)c2OCC(COCC(CC)CCCC)(COCC(CC)CCCC)COc12,C1=CC(=CC=C1C)C,Cc1ccc3c(c1)Cc2cc(C)ccc23,55,5,40
Cc1sc(C)c2OCC(COCC(CC)CCCC)(COCC(CC)CCCC)COc12,C1=CC(=CC=C1C)C,Cc1ccc3c(c1)Cc2cc(C)ccc23,55,0,45
Cc1sc(C)c2OCC(COCC(CC)CCCC)(COCC(CC)CCCC)COc12,Cc1ccc(C)c2nsnc12,0,55,45,0
Cc1sc(C)c2OCC(COCC(CC)CCCC)(COCC(CC)CCCC)COc12,Cc1ccc(C)c2nsnc12,Cc1sc(C)c(OC)c1OC,55,40,5
Cc1sc(C)c2OCC(COCC(CC)CCCC)(COCC(CC)CCCC)COc12,Cc1ccc(C)c2nsnc12,Cc1sc(C)c(OC)c1OC,55,35,10
Cc1sc(C)c2OCC(COCC(CC)CCCC)(COCC(CC)CCCC)COc12,Cc1ccc(C)c2nsnc12,Cc1sc(C)c(OC)c1OC,55,30,15
Cc1sc(C)c2OCC(COCC(CC)CCCC)(COCC(CC)CCCC)COc12,Cc1ccc(C)c2nsnc12,Cc1sc(C)c(OC)c1OC,55,25,20
Cc1sc(C)c2OCC(COCC(CC)CCCC)(COCC(CC)CCCC)COc12,Cc1ccc(C)c2nsnc12,Cc1sc(C)c(OC)c1OC,55,20,25
Cc1sc(C)c2OCC(COCC(CC)CCCC)(COCC(CC)CCCC)COc12,Cc1ccc(C)c2nsnc12,Cc1sc(C)c(OC)c1OC,55,15,30
Cc1sc(C)c2OCC(COCC(CC)CCCC)(COCC(CC)CCCC)COc12,Cc1ccc(C)c2nsnc12,Cc1sc(C)c(OC)c1OC,55,10,35
Cc1sc(C)c2OCC(COCC(CC)CCCC)(COCC(CC)CCCC)COc12,Cc1ccc(C)c2nsnc12,Cc1sc(C)c(OC)c1OC,55,5,40
Cc1sc(C)c2OCC(COCC(CC)CCCC)(COCC(CC)CCCC)COc12,Cc1ccc(C)c2nsnc12,Cc1sc(C)c(OC)c1OC,55,0,45
Cc1sc(C)c2OCC(COCC(CC)CCCC)(COCC(CC)CCCC)COc12,Cc1ccc(C)c2nsnc12,0,55,45,0
Cc1sc(C)c2OCC(COCC(CC)CCCC)(COCC(CC)CCCC)COc12,Cc1ccc(C)c2nsnc12,Cc1sc(C)c2OCCOc12,55,40,5
Cc1sc(C)c2OCC(COCC(CC)CCCC)(COCC(CC)CCCC)COc12,Cc1ccc(C)c2nsnc12,Cc1sc(C)c2OCCOc12,55,35,10
Cc1sc(C)c2OCC(COCC(CC)CCCC)(COCC(CC)CCCC)COc12,Cc1ccc(C)c2nsnc12,Cc1sc(C)c2OCCOc12,55,30,15
Cc1sc(C)c2OCC(COCC(CC)CCCC)(COCC(CC)CCCC)COc12,Cc1ccc(C)c2nsnc12,Cc1sc(C)c2OCCOc12,55,25,20
Cc1sc(C)c2OCC(COCC(CC)CCCC)(COCC(CC)CCCC)COc12,Cc1ccc(C)c2nsnc12,Cc1sc(C)c2OCCOc12,55,20,25
Cc1sc(C)c2OCC(COCC(CC)CCCC)(COCC(CC)CCCC)COc12,Cc1ccc(C)c2nsnc12,Cc1sc(C)c2OCCOc12,55,15,30
Cc1sc(C)c2OCC(COCC(CC)CCCC)(COCC(CC)CCCC)COc12,Cc1ccc(C)c2nsnc12,Cc1sc(C)c2OCCOc12,55,10,35
Cc1sc(C)c2OCC(COCC(CC)CCCC)(COCC(CC)CCCC)COc12,Cc1ccc(C)c2nsnc12,Cc1sc(C)c2OCCOc12,55,5,40
Cc1sc(C)c2OCC(COCC(CC)CCCC)(COCC(CC)CCCC)COc12,Cc1ccc(C)c2nsnc12,Cc1sc(C)c2OCCOc12,55,0,45
Cc1sc(C)c2OCC(COCC(CC)CCCC)(COCC(CC)CCCC)COc12,Cc1ccc(C)c2nsnc12,0,55,45,0
Cc1sc(C)c2OCC(COCC(CC)CCCC)(COCC(CC)CCCC)COc12,Cc1ccc(C)c2nsnc12,Cc1ccc3c(c1)Cc2cc(C)ccc23,55,40,5
Cc1sc(C)c2OCC(COCC(CC)CCCC)(COCC(CC)CCCC)COc12,Cc1ccc(C)c2nsnc12,Cc1ccc3c(c1)Cc2cc(C)ccc23,55,35,10
Cc1sc(C)c2OCC(COCC(CC)CCCC)(COCC(CC)CCCC)COc12,Cc1ccc(C)c2nsnc12,Cc1ccc3c(c1)Cc2cc(C)ccc23,55,30,15
Cc1sc(C)c2OCC(COCC(CC)CCCC)(COCC(CC)CCCC)COc12,Cc1ccc(C)c2nsnc12,Cc1ccc3c(c1)Cc2cc(C)ccc23,55,25,20
Cc1sc(C)c2OCC(COCC(CC)CCCC)(COCC(CC)CCCC)COc12,Cc1ccc(C)c2nsnc12,Cc1ccc3c(c1)Cc2cc(C)ccc23,55,20,25
Cc1sc(C)c2OCC(COCC(CC)CCCC)(COCC(CC)CCCC)COc12,Cc1ccc(C)c2nsnc12,Cc1ccc3c(c1)Cc2cc(C)ccc23,55,15,30
Cc1sc(C)c2OCC(COCC(CC)CCCC)(COCC(CC)CCCC)COc12,Cc1ccc(C)c2nsnc12,Cc1ccc3c(c1)Cc2cc(C)ccc23,55,10,35
Cc1sc(C)c2OCC(COCC(CC)CCCC)(COCC(CC)CCCC)COc12,Cc1ccc(C)c2nsnc12,Cc1ccc3c(c1)Cc2cc(C)ccc23,55,5,40
Cc1sc(C)c2OCC(COCC(CC)CCCC)(COCC(CC)CCCC)COc12,Cc1ccc(C)c2nsnc12,Cc1ccc3c(c1)Cc2cc(C)ccc23,55,0,45
Cc1sc(C)c2OCC(COCC(CC)CCCC)(COCC(CC)CCCC)COc12,Cc1sc(C)c(OC)c1OC,0,55,45,0
Cc1sc(C)c2OCC(COCC(CC)CCCC)(COCC(CC)CCCC)COc12,Cc1sc(C)c(OC)c1OC,Cc1sc(C)c2OCCOc12,55,40,5
Cc1sc(C)c2OCC(COCC(CC)CCCC)(COCC(CC)CCCC)COc12,Cc1sc(C)c(OC)c1OC,Cc1sc(C)c2OCCOc12,55,35,10
Cc1sc(C)c2OCC(COCC(CC)CCCC)(COCC(CC)CCCC)COc12,Cc1sc(C)c(OC)c1OC,Cc1sc(C)c2OCCOc12,55,30,15
Cc1sc(C)c2OCC(COCC(CC)CCCC)(COCC(CC)CCCC)COc12,Cc1sc(C)c(OC)c1OC,Cc1sc(C)c2OCCOc12,55,25,20
Cc1sc(C)c2OCC(COCC(CC)CCCC)(COCC(CC)CCCC)COc12,Cc1sc(C)c(OC)c1OC,Cc1sc(C)c2OCCOc12,55,20,25
Cc1sc(C)c2OCC(COCC(CC)CCCC)(COCC(CC)CCCC)COc12,Cc1sc(C)c(OC)c1OC,Cc1sc(C)c2OCCOc12,55,15,30
Cc1sc(C)c2OCC(COCC(CC)CCCC)(COCC(CC)CCCC)COc12,Cc1sc(C)c(OC)c1OC,Cc1sc(C)c2OCCOc12,55,10,35
Cc1sc(C)c2OCC(COCC(CC)CCCC)(COCC(CC)CCCC)COc12,Cc1sc(C)c(OC)c1OC,Cc1sc(C)c2OCCOc12,55,5,40
Cc1sc(C)c2OCC(COCC(CC)CCCC)(COCC(CC)CCCC)COc12,Cc1sc(C)c(OC)c1OC,Cc1sc(C)c2OCCOc12,55,0,45
Cc1sc(C)c2OCC(COCC(CC)CCCC)(COCC(CC)CCCC)COc12,Cc1sc(C)c(OC)c1OC,0,55,45,0
Cc1sc(C)c2OCC(COCC(CC)CCCC)(COCC(CC)CCCC)COc12,Cc1sc(C)c(OC)c1OC,Cc1ccc3c(c1)Cc2cc(C)ccc23,55,40,5
Cc1sc(C)c2OCC(COCC(CC)CCCC)(COCC(CC)CCCC)COc12,Cc1sc(C)c(OC)c1OC,Cc1ccc3c(c1)Cc2cc(C)ccc23,55,35,10
Cc1sc(C)c2OCC(COCC(CC)CCCC)(COCC(CC)CCCC)COc12,Cc1sc(C)c(OC)c1OC,Cc1ccc3c(c1)Cc2cc(C)ccc23,55,30,15
Cc1sc(C)c2OCC(COCC(CC)CCCC)(COCC(CC)CCCC)COc12,Cc1sc(C)c(OC)c1OC,Cc1ccc3c(c1)Cc2cc(C)ccc23,55,25,20
Cc1sc(C)c2OCC(COCC(CC)CCCC)(COCC(CC)CCCC)COc12,Cc1sc(C)c(OC)c1OC,Cc1ccc3c(c1)Cc2cc(C)ccc23,55,20,25
Cc1sc(C)c2OCC(COCC(CC)CCCC)(COCC(CC)CCCC)COc12,Cc1sc(C)c(OC)c1OC,Cc1ccc3c(c1)Cc2cc(C)ccc23,55,15,30
Cc1sc(C)c2OCC(COCC(CC)CCCC)(COCC(CC)CCCC)COc12,Cc1sc(C)c(OC)c1OC,Cc1ccc3c(c1)Cc2cc(C)ccc23,55,10,35
Cc1sc(C)c2OCC(COCC(CC)CCCC)(COCC(CC)CCCC)COc12,Cc1sc(C)c(OC)c1OC,Cc1ccc3c(c1)Cc2cc(C)ccc23,55,5,40
Cc1sc(C)c2OCC(COCC(CC)CCCC)(COCC(CC)CCCC)COc12,Cc1sc(C)c(OC)c1OC,Cc1ccc3c(c1)Cc2cc(C)ccc23,55,0,45
Cc1sc(C)c2OCC(COCC(CC)CCCC)(COCC(CC)CCCC)COc12,Cc1sc(C)c2OCCOc12,0,55,45,0
Cc1sc(C)c2OCC(COCC(CC)CCCC)(COCC(CC)CCCC)COc12,Cc1sc(C)c2OCCOc12,Cc1ccc3c(c1)Cc2cc(C)ccc23,55,40,5
Cc1sc(C)c2OCC(COCC(CC)CCCC)(COCC(CC)CCCC)COc12,Cc1sc(C)c2OCCOc12,Cc1ccc3c(c1)Cc2cc(C)ccc23,55,35,10
Cc1sc(C)c2OCC(COCC(CC)CCCC)(COCC(CC)CCCC)COc12,Cc1sc(C)c2OCCOc12,Cc1ccc3c(c1)Cc2cc(C)ccc23,55,30,15
Cc1sc(C)c2OCC(COCC(CC)CCCC)(COCC(CC)CCCC)COc12,Cc1sc(C)c2OCCOc12,Cc1ccc3c(c1)Cc2cc(C)ccc23,55,25,20
Cc1sc(C)c2OCC(COCC(CC)CCCC)(COCC(CC)CCCC)COc12,Cc1sc(C)c2OCCOc12,Cc1ccc3c(c1)Cc2cc(C)ccc23,55,20,25
Cc1sc(C)c2OCC(COCC(CC)CCCC)(COCC(CC)CCCC)COc12,Cc1sc(C)c2OCCOc12,Cc1ccc3c(c1)Cc2cc(C)ccc23,55,15,30
Cc1sc(C)c2OCC(COCC(CC)CCCC)(COCC(CC)CCCC)COc12,Cc1sc(C)c2OCCOc12,Cc1ccc3c(c1)Cc2cc(C)ccc23,55,10,35
Cc1sc(C)c2OCC(COCC(CC)CCCC)(COCC(CC)CCCC)COc12,Cc1sc(C)c2OCCOc12,Cc1ccc3c(c1)Cc2cc(C)ccc23,55,5,40
Cc1sc(C)c2OCC(COCC(CC)CCCC)(COCC(CC)CCCC)COc12,Cc1sc(C)c2OCCOc12,Cc1ccc3c(c1)Cc2cc(C)ccc23,55,0,45
Cc1sc(C)c2OCC(COCC(CC)CCCC)(COCC(CC)CCCC)COc12,C1=CC(=CC=C1C)C,0,50,50,0
Cc1sc(C)c2OCC(COCC(CC)CCCC)(COCC(CC)CCCC)COc12,C1=CC(=CC=C1C)C,Cc1ccc(C)c2nsnc12,50,45,5
Cc1sc(C)c2OCC(COCC(CC)CCCC)(COCC(CC)CCCC)COc12,C1=CC(=CC=C1C)C,Cc1ccc(C)c2nsnc12,50,40,10
Cc1sc(C)c2OCC(COCC(CC)CCCC)(COCC(CC)CCCC)COc12,C1=CC(=CC=C1C)C,Cc1ccc(C)c2nsnc12,50,35,15
Cc1sc(C)c2OCC(COCC(CC)CCCC)(COCC(CC)CCCC)COc12,C1=CC(=CC=C1C)C,Cc1ccc(C)c2nsnc12,50,30,20
Cc1sc(C)c2OCC(COCC(CC)CCCC)(COCC(CC)CCCC)COc12,C1=CC(=CC=C1C)C,Cc1ccc(C)c2nsnc12,50,25,25
Cc1sc(C)c2OCC(COCC(CC)CCCC)(COCC(CC)CCCC)COc12,C1=CC(=CC=C1C)C,Cc1ccc(C)c2nsnc12,50,20,30
Cc1sc(C)c2OCC(COCC(CC)CCCC)(COCC(CC)CCCC)COc12,C1=CC(=CC=C1C)C,Cc1ccc(C)c2nsnc12,50,15,35
Cc1sc(C)c2OCC(COCC(CC)CCCC)(COCC(CC)CCCC)COc12,C1=CC(=CC=C1C)C,Cc1ccc(C)c2nsnc12,50,10,40
Cc1sc(C)c2OCC(COCC(CC)CCCC)(COCC(CC)CCCC)COc12,C1=CC(=CC=C1C)C,Cc1ccc(C)c2nsnc12,50,5,45
Cc1sc(C)c2OCC(COCC(CC)CCCC)(COCC(CC)CCCC)COc12,C1=CC(=CC=C1C)C,Cc1ccc(C)c2nsnc12,50,0,50
Cc1sc(C)c2OCC(COCC(CC)CCCC)(COCC(CC)CCCC)COc12,C1=CC(=CC=C1C)C,0,50,50,0
Cc1sc(C)c2OCC(COCC(CC)CCCC)(COCC(CC)CCCC)COc12,C1=CC(=CC=C1C)C,Cc1sc(C)c(OC)c1OC,50,45,5
Cc1sc(C)c2OCC(COCC(CC)CCCC)(COCC(CC)CCCC)COc12,C1=CC(=CC=C1C)C,Cc1sc(C)c(OC)c1OC,50,40,10
Cc1sc(C)c2OCC(COCC(CC)CCCC)(COCC(CC)CCCC)COc12,C1=CC(=CC=C1C)C,Cc1sc(C)c(OC)c1OC,50,35,15
Cc1sc(C)c2OCC(COCC(CC)CCCC)(COCC(CC)CCCC)COc12,C1=CC(=CC=C1C)C,Cc1sc(C)c(OC)c1OC,50,30,20
Cc1sc(C)c2OCC(COCC(CC)CCCC)(COCC(CC)CCCC)COc12,C1=CC(=CC=C1C)C,Cc1sc(C)c(OC)c1OC,50,25,25
Cc1sc(C)c2OCC(COCC(CC)CCCC)(COCC(CC)CCCC)COc12,C1=CC(=CC=C1C)C,Cc1sc(C)c(OC)c1OC,50,20,30
Cc1sc(C)c2OCC(COCC(CC)CCCC)(COCC(CC)CCCC)COc12,C1=CC(=CC=C1C)C,Cc1sc(C)c(OC)c1OC,50,15,35
Cc1sc(C)c2OCC(COCC(CC)CCCC)(COCC(CC)CCCC)COc12,C1=CC(=CC=C1C)C,Cc1sc(C)c(OC)c1OC,50,10,40
Cc1sc(C)c2OCC(COCC(CC)CCCC)(COCC(CC)CCCC)COc12,C1=CC(=CC=C1C)C,Cc1sc(C)c(OC)c1OC,50,5,45
Cc1sc(C)c2OCC(COCC(CC)CCCC)(COCC(CC)CCCC)COc12,C1=CC(=CC=C1C)C,Cc1sc(C)c(OC)c1OC,50,0,50
Cc1sc(C)c2OCC(COCC(CC)CCCC)(COCC(CC)CCCC)COc12,C1=CC(=CC=C1C)C,0,50,50,0
Cc1sc(C)c2OCC(COCC(CC)CCCC)(COCC(CC)CCCC)COc12,C1=CC(=CC=C1C)C,Cc1sc(C)c2OCCOc12,50,45,5
Cc1sc(C)c2OCC(COCC(CC)CCCC)(COCC(CC)CCCC)COc12,C1=CC(=CC=C1C)C,Cc1sc(C)c2OCCOc12,50,40,10
Cc1sc(C)c2OCC(COCC(CC)CCCC)(COCC(CC)CCCC)COc12,C1=CC(=CC=C1C)C,Cc1sc(C)c2OCCOc12,50,35,15
Cc1sc(C)c2OCC(COCC(CC)CCCC)(COCC(CC)CCCC)COc12,C1=CC(=CC=C1C)C,Cc1sc(C)c2OCCOc12,50,30,20
Cc1sc(C)c2OCC(COCC(CC)CCCC)(COCC(CC)CCCC)COc12,C1=CC(=CC=C1C)C,Cc1sc(C)c2OCCOc12,50,25,25
Cc1sc(C)c2OCC(COCC(CC)CCCC)(COCC(CC)CCCC)COc12,C1=CC(=CC=C1C)C,Cc1sc(C)c2OCCOc12,50,20,30
Cc1sc(C)c2OCC(COCC(CC)CCCC)(COCC(CC)CCCC)COc12,C1=CC(=CC=C1C)C,Cc1sc(C)c2OCCOc12,50,15,35
Cc1sc(C)c2OCC(COCC(CC)CCCC)(COCC(CC)CCCC)COc12,C1=CC(=CC=C1C)C,Cc1sc(C)c2OCCOc12,50,10,40
Cc1sc(C)c2OCC(COCC(CC)CCCC)(COCC(CC)CCCC)COc12,C1=CC(=CC=C1C)C,Cc1sc(C)c2OCCOc12,50,5,45
Cc1sc(C)c2OCC(COCC(CC)CCCC)(COCC(CC)CCCC)COc12,C1=CC(=CC=C1C)C,Cc1sc(C)c2OCCOc12,50,0,50
Cc1sc(C)c2OCC(COCC(CC)CCCC)(COCC(CC)CCCC)COc12,C1=CC(=CC=C1C)C,0,50,50,0
Cc1sc(C)c2OCC(COCC(CC)CCCC)(COCC(CC)CCCC)COc12,C1=CC(=CC=C1C)C,Cc1ccc3c(c1)Cc2cc(C)ccc23,50,45,5
Cc1sc(C)c2OCC(COCC(CC)CCCC)(COCC(CC)CCCC)COc12,C1=CC(=CC=C1C)C,Cc1ccc3c(c1)Cc2cc(C)ccc23,50,40,10
Cc1sc(C)c2OCC(COCC(CC)CCCC)(COCC(CC)CCCC)COc12,C1=CC(=CC=C1C)C,Cc1ccc3c(c1)Cc2cc(C)ccc23,50,35,15
Cc1sc(C)c2OCC(COCC(CC)CCCC)(COCC(CC)CCCC)COc12,C1=CC(=CC=C1C)C,Cc1ccc3c(c1)Cc2cc(C)ccc23,50,30,20
Cc1sc(C)c2OCC(COCC(CC)CCCC)(COCC(CC)CCCC)COc12,C1=CC(=CC=C1C)C,Cc1ccc3c(c1)Cc2cc(C)ccc23,50,25,25
Cc1sc(C)c2OCC(COCC(CC)CCCC)(COCC(CC)CCCC)COc12,C1=CC(=CC=C1C)C,Cc1ccc3c(c1)Cc2cc(C)ccc23,50,20,30
Cc1sc(C)c2OCC(COCC(CC)CCCC)(COCC(CC)CCCC)COc12,C1=CC(=CC=C1C)C,Cc1ccc3c(c1)Cc2cc(C)ccc23,50,15,35
Cc1sc(C)c2OCC(COCC(CC)CCCC)(COCC(CC)CCCC)COc12,C1=CC(=CC=C1C)C,Cc1ccc3c(c1)Cc2cc(C)ccc23,50,10,40
Cc1sc(C)c2OCC(COCC(CC)CCCC)(COCC(CC)CCCC)COc12,C1=CC(=CC=C1C)C,Cc1ccc3c(c1)Cc2cc(C)ccc23,50,5,45
Cc1sc(C)c2OCC(COCC(CC)CCCC)(COCC(CC)CCCC)COc12,C1=CC(=CC=C1C)C,Cc1ccc3c(c1)Cc2cc(C)ccc23,50,0,50
Cc1sc(C)c2OCC(COCC(CC)CCCC)(COCC(CC)CCCC)COc12,Cc1ccc(C)c2nsnc12,0,50,50,0
Cc1sc(C)c2OCC(COCC(CC)CCCC)(COCC(CC)CCCC)COc12,Cc1ccc(C)c2nsnc12,Cc1sc(C)c(OC)c1OC,50,45,5
Cc1sc(C)c2OCC(COCC(CC)CCCC)(COCC(CC)CCCC)COc12,Cc1ccc(C)c2nsnc12,Cc1sc(C)c(OC)c1OC,50,40,10
Cc1sc(C)c2OCC(COCC(CC)CCCC)(COCC(CC)CCCC)COc12,Cc1ccc(C)c2nsnc12,Cc1sc(C)c(OC)c1OC,50,35,15
Cc1sc(C)c2OCC(COCC(CC)CCCC)(COCC(CC)CCCC)COc12,Cc1ccc(C)c2nsnc12,Cc1sc(C)c(OC)c1OC,50,30,20
Cc1sc(C)c2OCC(COCC(CC)CCCC)(COCC(CC)CCCC)COc12,Cc1ccc(C)c2nsnc12,Cc1sc(C)c(OC)c1OC,50,25,25
Cc1sc(C)c2OCC(COCC(CC)CCCC)(COCC(CC)CCCC)COc12,Cc1ccc(C)c2nsnc12,Cc1sc(C)c(OC)c1OC,50,20,30
Cc1sc(C)c2OCC(COCC(CC)CCCC)(COCC(CC)CCCC)COc12,Cc1ccc(C)c2nsnc12,Cc1sc(C)c(OC)c1OC,50,15,35
Cc1sc(C)c2OCC(COCC(CC)CCCC)(COCC(CC)CCCC)COc12,Cc1ccc(C)c2nsnc12,Cc1sc(C)c(OC)c1OC,50,10,40
Cc1sc(C)c2OCC(COCC(CC)CCCC)(COCC(CC)CCCC)COc12,Cc1ccc(C)c2nsnc12,Cc1sc(C)c(OC)c1OC,50,5,45
Cc1sc(C)c2OCC(COCC(CC)CCCC)(COCC(CC)CCCC)COc12,Cc1ccc(C)c2nsnc12,Cc1sc(C)c(OC)c1OC,50,0,50
Cc1sc(C)c2OCC(COCC(CC)CCCC)(COCC(CC)CCCC)COc12,Cc1ccc(C)c2nsnc12,0,50,50,0
Cc1sc(C)c2OCC(COCC(CC)CCCC)(COCC(CC)CCCC)COc12,Cc1ccc(C)c2nsnc12,Cc1sc(C)c2OCCOc12,50,45,5
Cc1sc(C)c2OCC(COCC(CC)CCCC)(COCC(CC)CCCC)COc12,Cc1ccc(C)c2nsnc12,Cc1sc(C)c2OCCOc12,50,40,10
Cc1sc(C)c2OCC(COCC(CC)CCCC)(COCC(CC)CCCC)COc12,Cc1ccc(C)c2nsnc12,Cc1sc(C)c2OCCOc12,50,35,15
Cc1sc(C)c2OCC(COCC(CC)CCCC)(COCC(CC)CCCC)COc12,Cc1ccc(C)c2nsnc12,Cc1sc(C)c2OCCOc12,50,30,20
Cc1sc(C)c2OCC(COCC(CC)CCCC)(COCC(CC)CCCC)COc12,Cc1ccc(C)c2nsnc12,Cc1sc(C)c2OCCOc12,50,25,25
Cc1sc(C)c2OCC(COCC(CC)CCCC)(COCC(CC)CCCC)COc12,Cc1ccc(C)c2nsnc12,Cc1sc(C)c2OCCOc12,50,20,30
Cc1sc(C)c2OCC(COCC(CC)CCCC)(COCC(CC)CCCC)COc12,Cc1ccc(C)c2nsnc12,Cc1sc(C)c2OCCOc12,50,15,35
Cc1sc(C)c2OCC(COCC(CC)CCCC)(COCC(CC)CCCC)COc12,Cc1ccc(C)c2nsnc12,Cc1sc(C)c2OCCOc12,50,10,40
Cc1sc(C)c2OCC(COCC(CC)CCCC)(COCC(CC)CCCC)COc12,Cc1ccc(C)c2nsnc12,Cc1sc(C)c2OCCOc12,50,5,45
Cc1sc(C)c2OCC(COCC(CC)CCCC)(COCC(CC)CCCC)COc12,Cc1ccc(C)c2nsnc12,Cc1sc(C)c2OCCOc12,50,0,50
Cc1sc(C)c2OCC(COCC(CC)CCCC)(COCC(CC)CCCC)COc12,Cc1ccc(C)c2nsnc12,0,50,50,0
Cc1sc(C)c2OCC(COCC(CC)CCCC)(COCC(CC)CCCC)COc12,Cc1ccc(C)c2nsnc12,Cc1ccc3c(c1)Cc2cc(C)ccc23,50,45,5
Cc1sc(C)c2OCC(COCC(CC)CCCC)(COCC(CC)CCCC)COc12,Cc1ccc(C)c2nsnc12,Cc1ccc3c(c1)Cc2cc(C)ccc23,50,40,10
Cc1sc(C)c2OCC(COCC(CC)CCCC)(COCC(CC)CCCC)COc12,Cc1ccc(C)c2nsnc12,Cc1ccc3c(c1)Cc2cc(C)ccc23,50,35,15
Cc1sc(C)c2OCC(COCC(CC)CCCC)(COCC(CC)CCCC)COc12,Cc1ccc(C)c2nsnc12,Cc1ccc3c(c1)Cc2cc(C)ccc23,50,30,20
Cc1sc(C)c2OCC(COCC(CC)CCCC)(COCC(CC)CCCC)COc12,Cc1ccc(C)c2nsnc12,Cc1ccc3c(c1)Cc2cc(C)ccc23,50,25,25
Cc1sc(C)c2OCC(COCC(CC)CCCC)(COCC(CC)CCCC)COc12,Cc1ccc(C)c2nsnc12,Cc1ccc3c(c1)Cc2cc(C)ccc23,50,20,30
Cc1sc(C)c2OCC(COCC(CC)CCCC)(COCC(CC)CCCC)COc12,Cc1ccc(C)c2nsnc12,Cc1ccc3c(c1)Cc2cc(C)ccc23,50,15,35
Cc1sc(C)c2OCC(COCC(CC)CCCC)(COCC(CC)CCCC)COc12,Cc1ccc(C)c2nsnc12,Cc1ccc3c(c1)Cc2cc(C)ccc23,50,10,40
Cc1sc(C)c2OCC(COCC(CC)CCCC)(COCC(CC)CCCC)COc12,Cc1ccc(C)c2nsnc12,Cc1ccc3c(c1)Cc2cc(C)ccc23,50,5,45
Cc1sc(C)c2OCC(COCC(CC)CCCC)(COCC(CC)CCCC)COc12,Cc1ccc(C)c2nsnc12,Cc1ccc3c(c1)Cc2cc(C)ccc23,50,0,50
Cc1sc(C)c2OCC(COCC(CC)CCCC)(COCC(CC)CCCC)COc12,Cc1sc(C)c(OC)c1OC,0,50,50,0
Cc1sc(C)c2OCC(COCC(CC)CCCC)(COCC(CC)CCCC)COc12,Cc1sc(C)c(OC)c1OC,Cc1sc(C)c2OCCOc12,50,45,5
Cc1sc(C)c2OCC(COCC(CC)CCCC)(COCC(CC)CCCC)COc12,Cc1sc(C)c(OC)c1OC,Cc1sc(C)c2OCCOc12,50,40,10
Cc1sc(C)c2OCC(COCC(CC)CCCC)(COCC(CC)CCCC)COc12,Cc1sc(C)c(OC)c1OC,Cc1sc(C)c2OCCOc12,50,35,15
Cc1sc(C)c2OCC(COCC(CC)CCCC)(COCC(CC)CCCC)COc12,Cc1sc(C)c(OC)c1OC,Cc1sc(C)c2OCCOc12,50,30,20
Cc1sc(C)c2OCC(COCC(CC)CCCC)(COCC(CC)CCCC)COc12,Cc1sc(C)c(OC)c1OC,Cc1sc(C)c2OCCOc12,50,25,25
Cc1sc(C)c2OCC(COCC(CC)CCCC)(COCC(CC)CCCC)COc12,Cc1sc(C)c(OC)c1OC,Cc1sc(C)c2OCCOc12,50,20,30
Cc1sc(C)c2OCC(COCC(CC)CCCC)(COCC(CC)CCCC)COc12,Cc1sc(C)c(OC)c1OC,Cc1sc(C)c2OCCOc12,50,15,35
Cc1sc(C)c2OCC(COCC(CC)CCCC)(COCC(CC)CCCC)COc12,Cc1sc(C)c(OC)c1OC,Cc1sc(C)c2OCCOc12,50,10,40
Cc1sc(C)c2OCC(COCC(CC)CCCC)(COCC(CC)CCCC)COc12,Cc1sc(C)c(OC)c1OC,Cc1sc(C)c2OCCOc12,50,5,45
Cc1sc(C)c2OCC(COCC(CC)CCCC)(COCC(CC)CCCC)COc12,Cc1sc(C)c(OC)c1OC,Cc1sc(C)c2OCCOc12,50,0,50
Cc1sc(C)c2OCC(COCC(CC)CCCC)(COCC(CC)CCCC)COc12,Cc1sc(C)c(OC)c1OC,0,50,50,0
Cc1sc(C)c2OCC(COCC(CC)CCCC)(COCC(CC)CCCC)COc12,Cc1sc(C)c(OC)c1OC,Cc1ccc3c(c1)Cc2cc(C)ccc23,50,45,5
Cc1sc(C)c2OCC(COCC(CC)CCCC)(COCC(CC)CCCC)COc12,Cc1sc(C)c(OC)c1OC,Cc1ccc3c(c1)Cc2cc(C)ccc23,50,40,10
Cc1sc(C)c2OCC(COCC(CC)CCCC)(COCC(CC)CCCC)COc12,Cc1sc(C)c(OC)c1OC,Cc1ccc3c(c1)Cc2cc(C)ccc23,50,35,15
Cc1sc(C)c2OCC(COCC(CC)CCCC)(COCC(CC)CCCC)COc12,Cc1sc(C)c(OC)c1OC,Cc1ccc3c(c1)Cc2cc(C)ccc23,50,30,20
Cc1sc(C)c2OCC(COCC(CC)CCCC)(COCC(CC)CCCC)COc12,Cc1sc(C)c(OC)c1OC,Cc1ccc3c(c1)Cc2cc(C)ccc23,50,25,25
Cc1sc(C)c2OCC(COCC(CC)CCCC)(COCC(CC)CCCC)COc12,Cc1sc(C)c(OC)c1OC,Cc1ccc3c(c1)Cc2cc(C)ccc23,50,20,30
Cc1sc(C)c2OCC(COCC(CC)CCCC)(COCC(CC)CCCC)COc12,Cc1sc(C)c(OC)c1OC,Cc1ccc3c(c1)Cc2cc(C)ccc23,50,15,35
Cc1sc(C)c2OCC(COCC(CC)CCCC)(COCC(CC)CCCC)COc12,Cc1sc(C)c(OC)c1OC,Cc1ccc3c(c1)Cc2cc(C)ccc23,50,10,40
Cc1sc(C)c2OCC(COCC(CC)CCCC)(COCC(CC)CCCC)COc12,Cc1sc(C)c(OC)c1OC,Cc1ccc3c(c1)Cc2cc(C)ccc23,50,5,45
Cc1sc(C)c2OCC(COCC(CC)CCCC)(COCC(CC)CCCC)COc12,Cc1sc(C)c(OC)c1OC,Cc1ccc3c(c1)Cc2cc(C)ccc23,50,0,50
Cc1sc(C)c2OCC(COCC(CC)CCCC)(COCC(CC)CCCC)COc12,Cc1sc(C)c2OCCOc12,0,50,50,0
Cc1sc(C)c2OCC(COCC(CC)CCCC)(COCC(CC)CCCC)COc12,Cc1sc(C)c2OCCOc12,Cc1ccc3c(c1)Cc2cc(C)ccc23,50,45,5
Cc1sc(C)c2OCC(COCC(CC)CCCC)(COCC(CC)CCCC)COc12,Cc1sc(C)c2OCCOc12,Cc1ccc3c(c1)Cc2cc(C)ccc23,50,40,10
Cc1sc(C)c2OCC(COCC(CC)CCCC)(COCC(CC)CCCC)COc12,Cc1sc(C)c2OCCOc12,Cc1ccc3c(c1)Cc2cc(C)ccc23,50,35,15
Cc1sc(C)c2OCC(COCC(CC)CCCC)(COCC(CC)CCCC)COc12,Cc1sc(C)c2OCCOc12,Cc1ccc3c(c1)Cc2cc(C)ccc23,50,30,20
Cc1sc(C)c2OCC(COCC(CC)CCCC)(COCC(CC)CCCC)COc12,Cc1sc(C)c2OCCOc12,Cc1ccc3c(c1)Cc2cc(C)ccc23,50,25,25
Cc1sc(C)c2OCC(COCC(CC)CCCC)(COCC(CC)CCCC)COc12,Cc1sc(C)c2OCCOc12,Cc1ccc3c(c1)Cc2cc(C)ccc23,50,20,30
Cc1sc(C)c2OCC(COCC(CC)CCCC)(COCC(CC)CCCC)COc12,Cc1sc(C)c2OCCOc12,Cc1ccc3c(c1)Cc2cc(C)ccc23,50,15,35
Cc1sc(C)c2OCC(COCC(CC)CCCC)(COCC(CC)CCCC)COc12,Cc1sc(C)c2OCCOc12,Cc1ccc3c(c1)Cc2cc(C)ccc23,50,10,40
Cc1sc(C)c2OCC(COCC(CC)CCCC)(COCC(CC)CCCC)COc12,Cc1sc(C)c2OCCOc12,Cc1ccc3c(c1)Cc2cc(C)ccc23,50,5,45
Cc1sc(C)c2OCC(COCC(CC)CCCC)(COCC(CC)CCCC)COc12,Cc1sc(C)c2OCCOc12,Cc1ccc3c(c1)Cc2cc(C)ccc23,50,0,50
Cc1sc(C)c2OCC(COCC(CC)CCCC)(COCC(CC)CCCC)COc12,C1=CC(=CC=C1C)C,0,95,5,0
Cc1sc(C)c2OCC(COCC(CC)CCCC)(COCC(CC)CCCC)COc12,Cc1ccc(C)c2nsnc12,0,95,5,0
Cc1sc(C)c2OCC(COCC(CC)CCCC)(COCC(CC)CCCC)COc12,Cc1sc(C)c(OC)c1OC,0,95,5,0
Cc1sc(C)c2OCC(COCC(CC)CCCC)(COCC(CC)CCCC)COc12,Cc1sc(C)c2OCCOc12,0,95,5,0
Cc1sc(C)c2OCC(COCC(CC)CCCC)(COCC(CC)CCCC)COc12,Cc1ccc3c(c1)Cc2cc(C)ccc23,0,95,5,0
Cc1sc(C)c2OCC(COCC(CC)CCCC)(COCC(CC)CCCC)COc12,C1=CC(=CC=C1C)C,0,90,10,0
Cc1sc(C)c2OCC(COCC(CC)CCCC)(COCC(CC)CCCC)COc12,Cc1ccc(C)c2nsnc12,0,90,10,0
Cc1sc(C)c2OCC(COCC(CC)CCCC)(COCC(CC)CCCC)COc12,Cc1sc(C)c(OC)c1OC,0,90,10,0
Cc1sc(C)c2OCC(COCC(CC)CCCC)(COCC(CC)CCCC)COc12,Cc1sc(C)c2OCCOc12,0,90,10,0
Cc1sc(C)c2OCC(COCC(CC)CCCC)(COCC(CC)CCCC)COc12,Cc1ccc3c(c1)Cc2cc(C)ccc23,0,90,10,0
Cc1sc(C)c2OCC(COCC(CC)CCCC)(COCC(CC)CCCC)COc12,C1=CC(=CC=C1C)C,0,85,15,0
Cc1sc(C)c2OCC(COCC(CC)CCCC)(COCC(CC)CCCC)COc12,Cc1ccc(C)c2nsnc12,0,85,15,0
Cc1sc(C)c2OCC(COCC(CC)CCCC)(COCC(CC)CCCC)COc12,Cc1sc(C)c(OC)c1OC,0,85,15,0
Cc1sc(C)c2OCC(COCC(CC)CCCC)(COCC(CC)CCCC)COc12,Cc1sc(C)c2OCCOc12,0,85,15,0
Cc1sc(C)c2OCC(COCC(CC)CCCC)(COCC(CC)CCCC)COc12,Cc1ccc3c(c1)Cc2cc(C)ccc23,0,85,15,0
Cc1sc(C)c2OCC(COCC(CC)CCCC)(COCC(CC)CCCC)COc12,C1=CC(=CC=C1C)C,0,80,20,0
Cc1sc(C)c2OCC(COCC(CC)CCCC)(COCC(CC)CCCC)COc12,Cc1ccc(C)c2nsnc12,0,80,20,0
Cc1sc(C)c2OCC(COCC(CC)CCCC)(COCC(CC)CCCC)COc12,Cc1sc(C)c(OC)c1OC,0,80,20,0
Cc1sc(C)c2OCC(COCC(CC)CCCC)(COCC(CC)CCCC)COc12,Cc1sc(C)c2OCCOc12,0,80,20,0
Cc1sc(C)c2OCC(COCC(CC)CCCC)(COCC(CC)CCCC)COc12,Cc1ccc3c(c1)Cc2cc(C)ccc23,0,80,20,0
Cc1sc(C)c2OCC(COCC(CC)CCCC)(COCC(CC)CCCC)COc12,C1=CC(=CC=C1C)C,0,75,25,0
Cc1sc(C)c2OCC(COCC(CC)CCCC)(COCC(CC)CCCC)COc12,Cc1ccc(C)c2nsnc12,0,75,25,0
Cc1sc(C)c2OCC(COCC(CC)CCCC)(COCC(CC)CCCC)COc12,Cc1sc(C)c(OC)c1OC,0,75,25,0
Cc1sc(C)c2OCC(COCC(CC)CCCC)(COCC(CC)CCCC)COc12,Cc1sc(C)c2OCCOc12,0,75,25,0
Cc1sc(C)c2OCC(COCC(CC)CCCC)(COCC(CC)CCCC)COc12,Cc1ccc3c(c1)Cc2cc(C)ccc23,0,75,25,0
Cc1sc(C)c2OCC(COCC(CC)CCCC)(COCC(CC)CCCC)COc12,C1=CC(=CC=C1C)C,0,70,30,0
Cc1sc(C)c2OCC(COCC(CC)CCCC)(COCC(CC)CCCC)COc12,Cc1ccc(C)c2nsnc12,0,70,30,0
Cc1sc(C)c2OCC(COCC(CC)CCCC)(COCC(CC)CCCC)COc12,Cc1sc(C)c(OC)c1OC,0,70,30,0
Cc1sc(C)c2OCC(COCC(CC)CCCC)(COCC(CC)CCCC)COc12,Cc1sc(C)c2OCCOc12,0,70,30,0
Cc1sc(C)c2OCC(COCC(CC)CCCC)(COCC(CC)CCCC)COc12,Cc1ccc3c(c1)Cc2cc(C)ccc23,0,70,30,0
Cc1sc(C)c2OCC(COCC(CC)CCCC)(COCC(CC)CCCC)COc12,C1=CC(=CC=C1C)C,0,65,35,0
Cc1sc(C)c2OCC(COCC(CC)CCCC)(COCC(CC)CCCC)COc12,Cc1ccc(C)c2nsnc12,0,65,35,0
Cc1sc(C)c2OCC(COCC(CC)CCCC)(COCC(CC)CCCC)COc12,Cc1sc(C)c(OC)c1OC,0,65,35,0
Cc1sc(C)c2OCC(COCC(CC)CCCC)(COCC(CC)CCCC)COc12,Cc1sc(C)c2OCCOc12,0,65,35,0
Cc1sc(C)c2OCC(COCC(CC)CCCC)(COCC(CC)CCCC)COc12,Cc1ccc3c(c1)Cc2cc(C)ccc23,0,65,35,0
Cc1sc(C)c2OCC(COCC(CC)CCCC)(COCC(CC)CCCC)COc12,C1=CC(=CC=C1C)C,0,60,40,0
Cc1sc(C)c2OCC(COCC(CC)CCCC)(COCC(CC)CCCC)COc12,Cc1ccc(C)c2nsnc12,0,60,40,0
Cc1sc(C)c2OCC(COCC(CC)CCCC)(COCC(CC)CCCC)COc12,Cc1sc(C)c(OC)c1OC,0,60,40,0
Cc1sc(C)c2OCC(COCC(CC)CCCC)(COCC(CC)CCCC)COc12,Cc1sc(C)c2OCCOc12,0,60,40,0
Cc1sc(C)c2OCC(COCC(CC)CCCC)(COCC(CC)CCCC)COc12,Cc1ccc3c(c1)Cc2cc(C)ccc23,0,60,40,0
Cc1sc(C)c2OCC(COCC(CC)CCCC)(COCC(CC)CCCC)COc12,C1=CC(=CC=C1C)C,0,55,45,0
Cc1sc(C)c2OCC(COCC(CC)CCCC)(COCC(CC)CCCC)COc12,Cc1ccc(C)c2nsnc12,0,55,45,0
Cc1sc(C)c2OCC(COCC(CC)CCCC)(COCC(CC)CCCC)COc12,Cc1sc(C)c(OC)c1OC,0,55,45,0
Cc1sc(C)c2OCC(COCC(CC)CCCC)(COCC(CC)CCCC)COc12,Cc1sc(C)c2OCCOc12,0,55,45,0
Cc1sc(C)c2OCC(COCC(CC)CCCC)(COCC(CC)CCCC)COc12,Cc1ccc3c(c1)Cc2cc(C)ccc23,0,55,45,0
Cc1sc(C)c2OCC(COCC(CC)CCCC)(COCC(CC)CCCC)COc12,C1=CC(=CC=C1C)C,0,50,50,0
Cc1sc(C)c2OCC(COCC(CC)CCCC)(COCC(CC)CCCC)COc12,Cc1ccc(C)c2nsnc12,0,50,50,0
Cc1sc(C)c2OCC(COCC(CC)CCCC)(COCC(CC)CCCC)COc12,Cc1sc(C)c(OC)c1OC,0,50,50,0
Cc1sc(C)c2OCC(COCC(CC)CCCC)(COCC(CC)CCCC)COc12,Cc1sc(C)c2OCCOc12,0,50,50,0
Cc1sc(C)c2OCC(COCC(CC)CCCC)(COCC(CC)CCCC)COc12,Cc1ccc3c(c1)Cc2cc(C)ccc23,0,50,50,0
